import_run_id,candidate_run_id,source_reference_id,source_page,source_slot,proposed_product_id,business_line,product_name,brand_id,brand_name,category_id,category_name,sale_price,image_sha256,proposed_sku,proposed_catalog_code,proposed_slug,sku_resolution_status,catalog_code_resolution_status,slug_resolution_status,legacy_match_status,eligibility_status
388a459d-f3f9-4709-88b5-b025dac28ba2,d4d17a39-008d-4bcc-88b2-384cc147e262,CATV1-P011-R1L,11,R1L,6782a4dc-5324-cb75-f736-b4d0d926443e,BEAUTY_CARE,SHAMPOO ROMERO,57bbddd8-dfe8-44db-b492-158e4a50894b,La Receta CBD,,,51000,8ccce9904b7e57dbe9db8b0380c23533386d8b8cecc43a381a2ce79fcca97a7a,BC-10000,BCV5-0001,beauty-care-shampoo-romero,RESERVED_IMPORT_RANGE,GENERATED_CANONICAL_SOURCE_CODE,DETERMINISTIC_CANONICAL,NO_AUTHORITATIVE_MATCH,READY_CREATE
388a459d-f3f9-4709-88b5-b025dac28ba2,d4d17a39-008d-4bcc-88b2-384cc147e262,CATV1-P011-R1R,11,R1R,c8839400-6442-709c-bef5-a53d32cd96f6,BEAUTY_CARE,SHAMPOO ARGAN,57bbddd8-dfe8-44db-b492-158e4a50894b,La Receta CBD,,,41000,307211268d350970a7d1245ec271211dbc90ce40b383a5eb418b6bded80d343a,BC-10001,BCV5-0002,beauty-care-shampoo-argan,RESERVED_IMPORT_RANGE,GENERATED_CANONICAL_SOURCE_CODE,DETERMINISTIC_CANONICAL,NO_AUTHORITATIVE_MATCH,READY_CREATE
388a459d-f3f9-4709-88b5-b025dac28ba2,d4d17a39-008d-4bcc-88b2-384cc147e262,CATV1-P011-R2L,11,R2L,e07e6246-619a-6052-25a9-cebc969e83e9,BEAUTY_CARE,ACONDICIONADOR NUEVO,57bbddd8-dfe8-44db-b492-158e4a50894b,La Receta CBD,,,51000,2848c574adbcba94f5d4662708e162c88b9cdd5354d21fac4fb7777f59bec420,BC-10002,BCV5-0003,beauty-care-acondicionador-nuevo,RESERVED_IMPORT_RANGE,GENERATED_CANONICAL_SOURCE_CODE,DETERMINISTIC_CANONICAL,NO_AUTHORITATIVE_MATCH,READY_CREATE
388a459d-f3f9-4709-88b5-b025dac28ba2,d4d17a39-008d-4bcc-88b2-384cc147e262,CATV1-P011-R2R,11,R2R,8b36ab1b-c41e-a7d0-a6af-e252ee3b2542,BEAUTY_CARE,SHAMPOO ANTICASPA,57bbddd8-dfe8-44db-b492-158e4a50894b,La Receta CBD,,,51000,c78df799d5e460cd6dea90f3a2ffd9152c31c0699b7653a91aba3ffacbaec724,BC-10003,BCV5-0004,beauty-care-shampoo-anticaspa,RESERVED_IMPORT_RANGE,GENERATED_CANONICAL_SOURCE_CODE,DETERMINISTIC_CANONICAL,NO_AUTHORITATIVE_MATCH,READY_CREATE
388a459d-f3f9-4709-88b5-b025dac28ba2,d4d17a39-008d-4bcc-88b2-384cc147e262,CATV1-P011-R3L,11,R3L,7c430611-0c7a-4e71-cdf7-9ae5e1bb9407,BEAUTY_CARE,GOTAS CBD,57bbddd8-dfe8-44db-b492-158e4a50894b,La Receta CBD,,,36000,290324bf5d500a4ba04638973d85b64f2be244e34b91eb0a833a2d6cb6ac0371,BC-10004,BCV5-0005,beauty-care-gotas-cbd,RESERVED_IMPORT_RANGE,GENERATED_CANONICAL_SOURCE_CODE,DETERMINISTIC_CANONICAL,NO_AUTHORITATIVE_MATCH,READY_CREATE
388a459d-f3f9-4709-88b5-b025dac28ba2,d4d17a39-008d-4bcc-88b2-384cc147e262,CATV1-P011-R3R,11,R3R,076e3d14-a126-d25a-ec3f-c81ad338cc15,BEAUTY_CARE,TONICO ANTICAIDA,57bbddd8-dfe8-44db-b492-158e4a50894b,La Receta CBD,,,51000,bfe56039331447140e4fb34f9bd79ba65f9d4c204d66e057cb840fe288a65f3c,BC-10005,BCV5-0006,beauty-care-tonico-anticaida,RESERVED_IMPORT_RANGE,GENERATED_CANONICAL_SOURCE_CODE,DETERMINISTIC_CANONICAL,NO_AUTHORITATIVE_MATCH,READY_CREATE
388a459d-f3f9-4709-88b5-b025dac28ba2,d4d17a39-008d-4bcc-88b2-384cc147e262,CATV1-P012-R1L,12,R1L,43859bdd-7958-f6a6-5251-e1fc286cc75f,BEAUTY_CARE,EXFOLIANTE CAPILAR,57bbddd8-dfe8-44db-b492-158e4a50894b,La Receta CBD,,,66000,2fc027150227f2c79879a76a50e5b98811edd052ff22c14ada37d2d37e2d687f,BC-10006,BCV5-0007,beauty-care-exfoliante-capilar,RESERVED_IMPORT_RANGE,GENERATED_CANONICAL_SOURCE_CODE,DETERMINISTIC_CANONICAL,NO_AUTHORITATIVE_MATCH,READY_CREATE
388a459d-f3f9-4709-88b5-b025dac28ba2,d4d17a39-008d-4bcc-88b2-384cc147e262,CATV1-P014-R1L,14,R1L,c36b2418-2c84-e700-a7bf-5afa3f9c0b6e,BEAUTY_CARE,BRONCEADOR ZANAHORIA,03a73a7c-1a85-4429-b459-c68ad93c9664,D'Luchi,,,46000,21e454637dc6e8cb2c608b04f040f82c11b6e16821d2587d64b6b5ac4e313f83,BC-10007,BCV5-0008,beauty-care-bronceador-zanahoria,RESERVED_IMPORT_RANGE,GENERATED_CANONICAL_SOURCE_CODE,DETERMINISTIC_CANONICAL,NO_AUTHORITATIVE_MATCH,READY_CREATE
388a459d-f3f9-4709-88b5-b025dac28ba2,d4d17a39-008d-4bcc-88b2-384cc147e262,CATV1-P014-R1R,14,R1R,95e55d36-14a7-29be-76eb-3e5689bcb8d1,BEAUTY_CARE,BRONCEADOR COCO,03a73a7c-1a85-4429-b459-c68ad93c9664,D'Luchi,,,46000,798df4f214568d7ea19c358aab58aebf9efa56a1c7ef403eabb60555858d5814,BC-10008,BCV5-0009,beauty-care-bronceador-coco,RESERVED_IMPORT_RANGE,GENERATED_CANONICAL_SOURCE_CODE,DETERMINISTIC_CANONICAL,NO_AUTHORITATIVE_MATCH,READY_CREATE
388a459d-f3f9-4709-88b5-b025dac28ba2,d4d17a39-008d-4bcc-88b2-384cc147e262,CATV1-P014-R2L,14,R2L,16357acd-f09c-08fe-ac91-c0743028ebb5,BEAUTY_CARE,LOCION DE ORO,03a73a7c-1a85-4429-b459-c68ad93c9664,D'Luchi,,,16000,7c5f45e722cef477cf4c62d2bf5d1a29ff9c91d89eb43efcdf76861e38c009ff,BC-10009,BCV5-0010,beauty-care-locion-de-oro,RESERVED_IMPORT_RANGE,GENERATED_CANONICAL_SOURCE_CODE,DETERMINISTIC_CANONICAL,NO_AUTHORITATIVE_MATCH,READY_CREATE
388a459d-f3f9-4709-88b5-b025dac28ba2,d4d17a39-008d-4bcc-88b2-384cc147e262,CATV1-P014-R2R,14,R2R,61bc50dd-6cba-f55f-f1a2-f2219970869d,BEAUTY_CARE,MANTEQUILLA CORPORAL,03a73a7c-1a85-4429-b459-c68ad93c9664,D'Luchi,,,51000,3923a45ec2bcbf7638db45772081c19258431209f1d42d0bde798cd685762de9,BC-10010,BCV5-0011,beauty-care-mantequilla-corporal,RESERVED_IMPORT_RANGE,GENERATED_CANONICAL_SOURCE_CODE,DETERMINISTIC_CANONICAL,NO_AUTHORITATIVE_MATCH,READY_CREATE
388a459d-f3f9-4709-88b5-b025dac28ba2,d4d17a39-008d-4bcc-88b2-384cc147e262,CATV1-P014-R3L,14,R3L,bed93775-472c-ef57-b6b0-a76411426d59,BEAUTY_CARE,GEL DE ALOE VERA,03a73a7c-1a85-4429-b459-c68ad93c9664,D'Luchi,,,51000,05efd58a869e7975f046361145c4ba39b3774da981a8893ded77a5eb38497739,BC-10011,BCV5-0012,beauty-care-gel-de-aloe-vera,RESERVED_IMPORT_RANGE,GENERATED_CANONICAL_SOURCE_CODE,DETERMINISTIC_CANONICAL,NO_AUTHORITATIVE_MATCH,READY_CREATE
388a459d-f3f9-4709-88b5-b025dac28ba2,d4d17a39-008d-4bcc-88b2-384cc147e262,CATV1-P014-R3R,14,R3R,3f024dc4-5e4d-cdff-7414-7104d853e55e,BEAUTY_CARE,BRONCEADOR EN GEL,03a73a7c-1a85-4429-b459-c68ad93c9664,D'Luchi,,,51000,54fc84ba0553539c26ce535f6579fb090b94d878d9dc5176910df4937afea82a,BC-10012,BCV5-0013,beauty-care-bronceador-en-gel,RESERVED_IMPORT_RANGE,GENERATED_CANONICAL_SOURCE_CODE,DETERMINISTIC_CANONICAL,NO_AUTHORITATIVE_MATCH,READY_CREATE
388a459d-f3f9-4709-88b5-b025dac28ba2,d4d17a39-008d-4bcc-88b2-384cc147e262,CATV1-P015-R1L,15,R1L,93ad9283-dfd5-9764-d0b4-2132e4fce790,BEAUTY_CARE,FRESHING POP,03a73a7c-1a85-4429-b459-c68ad93c9664,D'Luchi,,,51000,f8e87d7d5073f3fdcab9435b8bce3b435505091d294b4da7ab3dcc67e7f4d7cc,BC-10013,BCV5-0014,beauty-care-freshing-pop,RESERVED_IMPORT_RANGE,GENERATED_CANONICAL_SOURCE_CODE,DETERMINISTIC_CANONICAL,NO_AUTHORITATIVE_MATCH,READY_CREATE
388a459d-f3f9-4709-88b5-b025dac28ba2,d4d17a39-008d-4bcc-88b2-384cc147e262,CATV1-P015-R1R,15,R1R,3a97b778-2db1-da3b-3917-0301ee437937,BEAUTY_CARE,AUTOBRONCEADOR,03a73a7c-1a85-4429-b459-c68ad93c9664,D'Luchi,,,56000,28fd233f865189e6ef1743a55aef146779a5cbb69744bf47048a472ae9195907,BC-10014,BCV5-0015,beauty-care-autobronceador,RESERVED_IMPORT_RANGE,GENERATED_CANONICAL_SOURCE_CODE,DETERMINISTIC_CANONICAL,NO_AUTHORITATIVE_MATCH,READY_CREATE
388a459d-f3f9-4709-88b5-b025dac28ba2,d4d17a39-008d-4bcc-88b2-384cc147e262,CATV1-P015-R2L,15,R2L,407c5d77-279c-bc3c-8dfc-02f04e1b08a8,BEAUTY_CARE,BLOQUEADOR,03a73a7c-1a85-4429-b459-c68ad93c9664,D'Luchi,,,56000,0c05df2418e1391a4b58ce5fb71088f1308ad7e74374fba2e2089e044191802f,BC-10015,BCV5-0016,beauty-care-bloqueador,RESERVED_IMPORT_RANGE,GENERATED_CANONICAL_SOURCE_CODE,DETERMINISTIC_CANONICAL,NO_AUTHORITATIVE_MATCH,READY_CREATE
388a459d-f3f9-4709-88b5-b025dac28ba2,d4d17a39-008d-4bcc-88b2-384cc147e262,CATV1-P015-R2R,15,R2R,20157dcb-5b42-3ba6-dcfd-c1bc84cfb0bf,BEAUTY_CARE,BRONCEADOR DE CHOCOLATE Y MIEL,03a73a7c-1a85-4429-b459-c68ad93c9664,D'Luchi,,,61000,cf10f2c64cd311475e87c266ca77e4fa9e21181f6ecd5fdffc5659dcece311a4,BC-10016,BCV5-0017,beauty-care-bronceador-de-chocolate-y-miel,RESERVED_IMPORT_RANGE,GENERATED_CANONICAL_SOURCE_CODE,DETERMINISTIC_CANONICAL,NO_AUTHORITATIVE_MATCH,READY_CREATE
388a459d-f3f9-4709-88b5-b025dac28ba2,d4d17a39-008d-4bcc-88b2-384cc147e262,CATV1-P015-R3L,15,R3L,5506f491-2b39-a6ca-7862-bc61d8bee1fb,BEAUTY_CARE,BRONCEADOR AUTOBRONCEADORA,03a73a7c-1a85-4429-b459-c68ad93c9664,D'Luchi,,,71000,faf866a560417a35f0c182423dd8cff548b59b91ee237747eef6f44ea3f31990,BC-10017,BCV5-0018,beauty-care-bronceador-autobronceadora,RESERVED_IMPORT_RANGE,GENERATED_CANONICAL_SOURCE_CODE,DETERMINISTIC_CANONICAL,NO_AUTHORITATIVE_MATCH,READY_CREATE
388a459d-f3f9-4709-88b5-b025dac28ba2,d4d17a39-008d-4bcc-88b2-384cc147e262,CATV1-P025-R2L,25,R2L,120c7dcb-d1b7-1851-0377-44dd0be9c69b,BEAUTY_CARE,PROFESIONAL LISO EN CASA,93f65203-1aaf-405d-9c6d-9e4c46b9b936,Anyeluz,,,71000,25b5a1fd4b40c39f1d7a39599ec696258a64259d930ca5e3b6facac7e8539f82,BC-10018,BCV5-0019,beauty-care-profesional-liso-en-casa-p025-r2l,RESERVED_IMPORT_RANGE,GENERATED_CANONICAL_SOURCE_CODE,DETERMINISTIC_CANONICAL,NO_AUTHORITATIVE_MATCH,READY_CREATE
388a459d-f3f9-4709-88b5-b025dac28ba2,d4d17a39-008d-4bcc-88b2-384cc147e262,CATV1-P025-R2R,25,R2R,8b044835-3919-3561-5e40-04ffa4c3379c,BEAUTY_CARE,PROFESIONAL LISO EN CASA,93f65203-1aaf-405d-9c6d-9e4c46b9b936,Anyeluz,,,71000,fd0601bab61f16fdf6db1dfb7cca9a3c426668f314eed48fa4e250609bca74c8,BC-10019,BCV5-0020,beauty-care-profesional-liso-en-casa-p025-r2r,RESERVED_IMPORT_RANGE,GENERATED_CANONICAL_SOURCE_CODE,DETERMINISTIC_CANONICAL,NO_AUTHORITATIVE_MATCH,READY_CREATE
388a459d-f3f9-4709-88b5-b025dac28ba2,d4d17a39-008d-4bcc-88b2-384cc147e262,CATV1-P028-R3R,28,R3R,f61131a0-dd0d-126f-2b9a-146a3c91108b,BEAUTY_CARE,SHAMPOO BIOREPO,7d7ace64-4b5a-46ff-99e8-ffe658fe617f,Milagros,,,36900,f917ae7b7949f2efb13eb0a647480658d8d26ee8902acd60d629b581f2a4ef7d,BC-10020,BCV5-0021,beauty-care-shampoo-biorepo,RESERVED_IMPORT_RANGE,GENERATED_CANONICAL_SOURCE_CODE,DETERMINISTIC_CANONICAL,NO_AUTHORITATIVE_MATCH,READY_CREATE
388a459d-f3f9-4709-88b5-b025dac28ba2,d4d17a39-008d-4bcc-88b2-384cc147e262,CATV1-P029-R2L,29,R2L,581e8a17-179a-3be2-b149-4505f1c439c6,BEAUTY_CARE,SERUM MILAGROS,7d7ace64-4b5a-46ff-99e8-ffe658fe617f,Milagros,,,37000,a0d8dd8c3c03136abf5951b89a9a76a6d404e38dca0bbb6df81087344e5a0b27,BC-10021,BCV5-0022,beauty-care-serum-milagros-p029-r2l,RESERVED_IMPORT_RANGE,GENERATED_CANONICAL_SOURCE_CODE,DETERMINISTIC_CANONICAL,NO_AUTHORITATIVE_MATCH,READY_CREATE
388a459d-f3f9-4709-88b5-b025dac28ba2,d4d17a39-008d-4bcc-88b2-384cc147e262,CATV1-P032-R3R,32,R3R,ae76e9de-4e92-1649-bb0c-725060f41f04,BEAUTY_CARE,SERUM MILAGROS,7d7ace64-4b5a-46ff-99e8-ffe658fe617f,Milagros,,,47000,fa5e440bbed40a5095a7b0b2c9426f1817f0caefb753ac772844862159859489,BC-10022,BCV5-0023,beauty-care-serum-milagros-p032-r3r,RESERVED_IMPORT_RANGE,GENERATED_CANONICAL_SOURCE_CODE,DETERMINISTIC_CANONICAL,NO_AUTHORITATIVE_MATCH,READY_CREATE
388a459d-f3f9-4709-88b5-b025dac28ba2,d4d17a39-008d-4bcc-88b2-384cc147e262,CATV1-P037-R1L,37,R1L,61ecc5ff-e9cd-fb24-4cbc-fe8cc3c7a042,BEAUTY_CARE,SHAMPOO MIEL,7bcd850b-f2c6-447e-8b80-bb0796deb9df,Click Hair,,,47000,76227161fc14de8bbeb8e0bd885bdb58d0d53cba9d9c0d4177078971d234280f,BC-10023,BCV5-0024,beauty-care-shampoo-miel,RESERVED_IMPORT_RANGE,GENERATED_CANONICAL_SOURCE_CODE,DETERMINISTIC_CANONICAL,NO_AUTHORITATIVE_MATCH,READY_CREATE
388a459d-f3f9-4709-88b5-b025dac28ba2,d4d17a39-008d-4bcc-88b2-384cc147e262,CATV1-P037-R2L,37,R2L,2eb43dee-15e9-b274-2a66-760bdbdf55d0,BEAUTY_CARE,MASCARILLA MIEL,7bcd850b-f2c6-447e-8b80-bb0796deb9df,Click Hair,,,52900,819be1abcaa172865eab8ac0349def6a144714a1e66c54a0b11806c8f5ac4b9f,BC-10024,BCV5-0025,beauty-care-mascarilla-miel,RESERVED_IMPORT_RANGE,GENERATED_CANONICAL_SOURCE_CODE,DETERMINISTIC_CANONICAL,NO_AUTHORITATIVE_MATCH,READY_CREATE
388a459d-f3f9-4709-88b5-b025dac28ba2,d4d17a39-008d-4bcc-88b2-384cc147e262,CATV1-P039-R1L,39,R1L,21cbd5f9-3b28-0056-fd0e-1f54657eec4f,BEAUTY_CARE,ACONDI CLICK,7bcd850b-f2c6-447e-8b80-bb0796deb9df,Click Hair,,,45900,b668f67e7c6af649b7abc1630d500aa806ce33cdbf6b285b78296140eca73078,BC-10025,BCV5-0026,beauty-care-acondi-click,RESERVED_IMPORT_RANGE,GENERATED_CANONICAL_SOURCE_CODE,DETERMINISTIC_CANONICAL,NO_AUTHORITATIVE_MATCH,READY_CREATE
388a459d-f3f9-4709-88b5-b025dac28ba2,d4d17a39-008d-4bcc-88b2-384cc147e262,CATV1-P040-R1R,40,R1R,6e9b5e9e-4140-0426-9004-8fd41ea5ccb7,BEAUTY_CARE,ACONDI MIEL,7bcd850b-f2c6-447e-8b80-bb0796deb9df,Click Hair,,,45900,07b957818f0c0ce588550c549ba43d72933197f23445b3673d566dd656cbe354,BC-10026,BCV5-0027,beauty-care-acondi-miel,RESERVED_IMPORT_RANGE,GENERATED_CANONICAL_SOURCE_CODE,DETERMINISTIC_CANONICAL,NO_AUTHORITATIVE_MATCH,READY_CREATE
388a459d-f3f9-4709-88b5-b025dac28ba2,d4d17a39-008d-4bcc-88b2-384cc147e262,CATV1-P040-R2L,40,R2L,a77c93b3-d070-f8ac-b806-6b2139dcf838,BEAUTY_CARE,PERFUME MASHMELLOW,7bcd850b-f2c6-447e-8b80-bb0796deb9df,Click Hair,,,60900,0ca99cede5f6d2c292d090942c776c6a9f7729e47fe8dc774817dbd7f0e11650,BC-10027,BCV5-0028,beauty-care-perfume-mashmellow,RESERVED_IMPORT_RANGE,GENERATED_CANONICAL_SOURCE_CODE,DETERMINISTIC_CANONICAL,NO_AUTHORITATIVE_MATCH,READY_CREATE
388a459d-f3f9-4709-88b5-b025dac28ba2,d4d17a39-008d-4bcc-88b2-384cc147e262,CATV1-P073-R2R,73,R2R,632222d9-3bc7-34ea-826e-5a9a280b3fdc,BEAUTY_CARE,PRINCESAS,0d5fd0dc-2e4c-4e77-bb0a-879997df316d,Cosmos,,,33000,03a5ca7d982e6fec3d3fc52b6b46bc96cfd5df7548ff371114082290e25ed010,BC-10028,BCV5-0029,beauty-care-princesas-p073-r2r,RESERVED_IMPORT_RANGE,GENERATED_CANONICAL_SOURCE_CODE,DETERMINISTIC_CANONICAL,NO_AUTHORITATIVE_MATCH,READY_CREATE
388a459d-f3f9-4709-88b5-b025dac28ba2,d4d17a39-008d-4bcc-88b2-384cc147e262,CATV1-P073-R3L,73,R3L,fb559fa5-c1f6-5ce5-edd0-6e70b94d1595,BEAUTY_CARE,PRINCESAS,0d5fd0dc-2e4c-4e77-bb0a-879997df316d,Cosmos,,,39000,cc387f7e227e305d192df69c89b849d546f343d8fadc01f2d10e6d752fdd0180,BC-10029,BCV5-0030,beauty-care-princesas-p073-r3l,RESERVED_IMPORT_RANGE,GENERATED_CANONICAL_SOURCE_CODE,DETERMINISTIC_CANONICAL,NO_AUTHORITATIVE_MATCH,READY_CREATE
388a459d-f3f9-4709-88b5-b025dac28ba2,d4d17a39-008d-4bcc-88b2-384cc147e262,CATV1-P073-R3R,73,R3R,7b46d726-ce67-2e83-311e-92dd49adf5d2,BEAUTY_CARE,PRINCESAS,0d5fd0dc-2e4c-4e77-bb0a-879997df316d,Cosmos,,,34000,4f0fdd4eba30b23c7f5dbf3fce86fbbb85a69e05ff3e7b8f2d246e329eb19801,BC-10030,BCV5-0031,beauty-care-princesas-p073-r3r,RESERVED_IMPORT_RANGE,GENERATED_CANONICAL_SOURCE_CODE,DETERMINISTIC_CANONICAL,NO_AUTHORITATIVE_MATCH,READY_CREATE
388a459d-f3f9-4709-88b5-b025dac28ba2,d4d17a39-008d-4bcc-88b2-384cc147e262,CATV1-P074-R1L,74,R1L,8f92433b-bff1-3589-d4d5-c686e91d48a7,BEAUTY_CARE,PRINCESAS,0d5fd0dc-2e4c-4e77-bb0a-879997df316d,Cosmos,,,34000,76c181428cc80c33760a1cc4d145f41de72df59e226266f2310dec00981cf7ca,BC-10031,BCV5-0032,beauty-care-princesas-p074-r1l,RESERVED_IMPORT_RANGE,GENERATED_CANONICAL_SOURCE_CODE,DETERMINISTIC_CANONICAL,NO_AUTHORITATIVE_MATCH,READY_CREATE
388a459d-f3f9-4709-88b5-b025dac28ba2,d4d17a39-008d-4bcc-88b2-384cc147e262,CATV1-P074-R2L,74,R2L,8cebe35b-1145-6372-55c7-28af2a0af262,BEAUTY_CARE,AIROMAN,0d5fd0dc-2e4c-4e77-bb0a-879997df316d,Cosmos,,,34000,79a2b58e104944bfe35b9eea1f017aa0d33bd20bec62c700dd3e82fa17f3ef54,BC-10032,BCV5-0033,beauty-care-airoman,RESERVED_IMPORT_RANGE,GENERATED_CANONICAL_SOURCE_CODE,DETERMINISTIC_CANONICAL,NO_AUTHORITATIVE_MATCH,READY_CREATE
388a459d-f3f9-4709-88b5-b025dac28ba2,d4d17a39-008d-4bcc-88b2-384cc147e262,CATV1-P080-R2L,80,R2L,78a188a1-33ec-1192-888a-b81c9817f2f5,BEAUTY_CARE,EXFOLIANTE AZUCAR CORPORAL,f0192f46-e80f-42fb-b788-3c1c8b9aa18c,Vive Beauty,,,39000,2a87f8a6bdc5f577b4aa9863ddd94f6cfa366229a4a5b7e605921b0831542bd7,BC-10033,BCV5-0034,beauty-care-exfoliante-azucar-corporal,RESERVED_IMPORT_RANGE,GENERATED_CANONICAL_SOURCE_CODE,DETERMINISTIC_CANONICAL,NO_AUTHORITATIVE_MATCH,READY_CREATE
388a459d-f3f9-4709-88b5-b025dac28ba2,d4d17a39-008d-4bcc-88b2-384cc147e262,CATV1-P080-R2R,80,R2R,79f62181-0b55-3c37-1642-1a0f874019d2,BEAUTY_CARE,GEL EXFOLIANTE CORPORAL,f0192f46-e80f-42fb-b788-3c1c8b9aa18c,Vive Beauty,,,27000,8e03e48fa3b2122d7d9bad150a8fc8eaf86b9c92991c10aa707e68b4445571b8,BC-10034,BCV5-0035,beauty-care-gel-exfoliante-corporal,RESERVED_IMPORT_RANGE,GENERATED_CANONICAL_SOURCE_CODE,DETERMINISTIC_CANONICAL,NO_AUTHORITATIVE_MATCH,READY_CREATE
388a459d-f3f9-4709-88b5-b025dac28ba2,d4d17a39-008d-4bcc-88b2-384cc147e262,CATV1-P080-R3L,80,R3L,abcc039d-a95c-6810-ded2-6facfb76a2ed,BEAUTY_CARE,CREMAS CORPORALES,f0192f46-e80f-42fb-b788-3c1c8b9aa18c,Vive Beauty,,,25000,8b1a6606a908ca957b162766a89421063a37b2fd39f985bc0c888232e681a606,BC-10035,BCV5-0036,beauty-care-cremas-corporales,RESERVED_IMPORT_RANGE,GENERATED_CANONICAL_SOURCE_CODE,DETERMINISTIC_CANONICAL,NO_AUTHORITATIVE_MATCH,READY_CREATE
388a459d-f3f9-4709-88b5-b025dac28ba2,d4d17a39-008d-4bcc-88b2-384cc147e262,CATV1-P087-R1R,87,R1R,84d7eba1-7980-89e8-006d-b23ae9f746d4,BEAUTY_CARE,KIT ARRURU TAMAÑO PEQUEÑO,c45e4abf-2c47-4465-a5db-87f8731a87cc,Fem,,,33000,41e80ed442023a8ed1c2b4b0c83cde99f938016dd2eab960bef40cb314254f6c,BC-10036,BCV5-0037,beauty-care-kit-arruru-tamano-pequeno,RESERVED_IMPORT_RANGE,GENERATED_CANONICAL_SOURCE_CODE,DETERMINISTIC_CANONICAL,NO_AUTHORITATIVE_MATCH,READY_CREATE
388a459d-f3f9-4709-88b5-b025dac28ba2,d4d17a39-008d-4bcc-88b2-384cc147e262,CATV1-P091-R1L,91,R1L,0e80f4ba-754b-9afd-6c71-aac7c34f2dbc,BEAUTY_CARE,KIT X3 TRULY,33759452-ea87-4826-b6d9-19e4821e89e0,Trully,,,41000,5fc2a8c41ede5a20b9d30e8f144e3759679e7baf795415b4a6701575719eede8,BC-10037,BCV5-0038,beauty-care-kit-x3-truly,RESERVED_IMPORT_RANGE,GENERATED_CANONICAL_SOURCE_CODE,DETERMINISTIC_CANONICAL,NO_AUTHORITATIVE_MATCH,READY_CREATE
388a459d-f3f9-4709-88b5-b025dac28ba2,d4d17a39-008d-4bcc-88b2-384cc147e262,CATV1-P091-R1R,91,R1R,43636c17-6119-d1da-9d39-26ecc17831ac,BEAUTY_CARE,KIT X5,33759452-ea87-4826-b6d9-19e4821e89e0,Trully,,,56000,0e8ec31f0d0860a15e4886e37bf6996cae320a48413886ae6dcdf1f9fd55f8b2,BC-10038,BCV5-0039,beauty-care-kit-x5,RESERVED_IMPORT_RANGE,GENERATED_CANONICAL_SOURCE_CODE,DETERMINISTIC_CANONICAL,NO_AUTHORITATIVE_MATCH,READY_CREATE
388a459d-f3f9-4709-88b5-b025dac28ba2,d4d17a39-008d-4bcc-88b2-384cc147e262,CATV1-P091-R2L,91,R2L,df8152aa-b095-a8f3-64d5-c3a9118619c6,BEAUTY_CARE,TRULY SERUM Y ACEITE PEQ,33759452-ea87-4826-b6d9-19e4821e89e0,Trully,,,20000,b4355d615249bbd7036e38f575a9c8b506b650bcbec517073ce8b5dc2cea96b6,BC-10039,BCV5-0040,beauty-care-truly-serum-y-aceite-peq,RESERVED_IMPORT_RANGE,GENERATED_CANONICAL_SOURCE_CODE,DETERMINISTIC_CANONICAL,NO_AUTHORITATIVE_MATCH,READY_CREATE
388a459d-f3f9-4709-88b5-b025dac28ba2,d4d17a39-008d-4bcc-88b2-384cc147e262,CATV1-P107-R2L,107,R2L,ac965611-407a-a78c-b2a1-8b41fa7e943d,BEAUTY_CARE,SERUM AZULAICO Y HIALURONICO,248d2875-a9cb-45f3-850a-d28453541309,Anua,,,116000,2e856281cf4c15f06c44e138887522c6200c86d590f53f13d35f7859ae16548c,BC-10040,BCV5-0041,beauty-care-serum-azulaico-y-hialuronico,RESERVED_IMPORT_RANGE,GENERATED_CANONICAL_SOURCE_CODE,DETERMINISTIC_CANONICAL,NO_AUTHORITATIVE_MATCH,READY_CREATE
388a459d-f3f9-4709-88b5-b025dac28ba2,d4d17a39-008d-4bcc-88b2-384cc147e262,CATV1-P125-R1R,125,R1R,7c17413c-ab8a-df79-7f4e-086de3574ad2,BEAUTY_CARE,RICE CREAM,14935694-a7a6-4130-846a-be0565a29c0e,Rubyskin,,,19000,0ba9f01c7dd6b4dcc509ed312a156d25214fe599ffbbcffb5cddf7604ebc75f7,BC-10041,BCV5-0042,beauty-care-rice-cream,RESERVED_IMPORT_RANGE,GENERATED_CANONICAL_SOURCE_CODE,DETERMINISTIC_CANONICAL,NO_AUTHORITATIVE_MATCH,READY_CREATE
388a459d-f3f9-4709-88b5-b025dac28ba2,d4d17a39-008d-4bcc-88b2-384cc147e262,CATV1-P130-R1L,130,R1L,feea3881-9c32-18d4-b303-2b441ebc246e,BEAUTY_CARE,KIT VIAJERO,ee824908-74ce-4709-9eb3-255748302976,Girly,,,72000,cf34daa841b4c5422915f92e62fb91cde217bc7ecb72ede3d14400829efdbce9,BC-10042,BCV5-0043,beauty-care-kit-viajero,RESERVED_IMPORT_RANGE,GENERATED_CANONICAL_SOURCE_CODE,DETERMINISTIC_CANONICAL,NO_AUTHORITATIVE_MATCH,READY_CREATE
388a459d-f3f9-4709-88b5-b025dac28ba2,d4d17a39-008d-4bcc-88b2-384cc147e262,CATV1-P136-R2L,136,R2L,d00f4d82-ab21-0e1b-3f13-243a1127b80b,BEAUTY_CARE,CEPILLO MASAJEADOR,,,b36e2375-b910-4030-abf2-832999885338,CEPILLOS Y ACCESORIOS PARA EL CABELLO,11000,26a502e9f54560a1232f61ceb00ddfab54e43a2d60adb75ae95a6461a7955523,BC-10043,BCV5-0044,beauty-care-cepillo-masajeador-p136-r2l,RESERVED_IMPORT_RANGE,GENERATED_CANONICAL_SOURCE_CODE,DETERMINISTIC_CANONICAL,NO_AUTHORITATIVE_MATCH,READY_CREATE
388a459d-f3f9-4709-88b5-b025dac28ba2,d4d17a39-008d-4bcc-88b2-384cc147e262,CATV1-P138-R1L,138,R1L,d992dfba-b7c1-64d4-ca16-d6e17808196e,BEAUTY_CARE,MASAJEADOR CAPILAR,,,b36e2375-b910-4030-abf2-832999885338,CEPILLOS Y ACCESORIOS PARA EL CABELLO,13000,c39303465fb9c1b168ccc77301f9d21f6cdd8c9563584eb3c0b0a776c465f490,BC-10044,BCV5-0045,beauty-care-masajeador-capilar,RESERVED_IMPORT_RANGE,GENERATED_CANONICAL_SOURCE_CODE,DETERMINISTIC_CANONICAL,NO_AUTHORITATIVE_MATCH,READY_CREATE
388a459d-f3f9-4709-88b5-b025dac28ba2,d4d17a39-008d-4bcc-88b2-384cc147e262,CATV1-P138-R3R,138,R3R,45d756a2-b3c4-321b-e819-860c8aa1b51e,BEAUTY_CARE,CEPILLO MASAJEADOR,,,b36e2375-b910-4030-abf2-832999885338,CEPILLOS Y ACCESORIOS PARA EL CABELLO,13000,78d67f4d5a0bd5be4abc53b1bae36288aeea8125e1dc790c8ea5db978ca993b4,BC-10045,BCV5-0046,beauty-care-cepillo-masajeador-p138-r3r,RESERVED_IMPORT_RANGE,GENERATED_CANONICAL_SOURCE_CODE,DETERMINISTIC_CANONICAL,NO_AUTHORITATIVE_MATCH,READY_CREATE
388a459d-f3f9-4709-88b5-b025dac28ba2,d4d17a39-008d-4bcc-88b2-384cc147e262,CATV1-P139-R1R,139,R1R,d6b6240d-096b-294d-9151-5974c9b35fd8,BEAUTY_CARE,DEADEMAS NUBE,,,b36e2375-b910-4030-abf2-832999885338,CEPILLOS Y ACCESORIOS PARA EL CABELLO,13000,b1e35e86cf0d9f2d76c40ba799b9c7170b3ee025af3b08e7019c5fae4de53c17,BC-10046,BCV5-0047,beauty-care-deademas-nube,RESERVED_IMPORT_RANGE,GENERATED_CANONICAL_SOURCE_CODE,DETERMINISTIC_CANONICAL,NO_AUTHORITATIVE_MATCH,READY_CREATE
388a459d-f3f9-4709-88b5-b025dac28ba2,d4d17a39-008d-4bcc-88b2-384cc147e262,CATV1-P140-R1L,140,R1L,aa81ea4a-e427-734e-1f96-512663141408,BEAUTY_CARE,PINZA COREANA X,,,b36e2375-b910-4030-abf2-832999885338,CEPILLOS Y ACCESORIOS PARA EL CABELLO,3800,029420cc6334f37789f221cc930e4a40ed09806769ce12b15ab1a91d772332a8,BC-10047,BCV5-0048,beauty-care-pinza-coreana-x,RESERVED_IMPORT_RANGE,GENERATED_CANONICAL_SOURCE_CODE,DETERMINISTIC_CANONICAL,NO_AUTHORITATIVE_MATCH,READY_CREATE
388a459d-f3f9-4709-88b5-b025dac28ba2,d4d17a39-008d-4bcc-88b2-384cc147e262,CATV1-P141-R1R,141,R1R,0c39e15a-c45a-f62e-b8a4-16ee520ea898,BEAUTY_CARE,PINZA CORENANA X,,,b36e2375-b910-4030-abf2-832999885338,CEPILLOS Y ACCESORIOS PARA EL CABELLO,8000,efb6e53e598efdd888db8699347f633e374083cc3b665afefce3a0d76d82c3ec,BC-10048,BCV5-0049,beauty-care-pinza-corenana-x,RESERVED_IMPORT_RANGE,GENERATED_CANONICAL_SOURCE_CODE,DETERMINISTIC_CANONICAL,NO_AUTHORITATIVE_MATCH,READY_CREATE
388a459d-f3f9-4709-88b5-b025dac28ba2,d4d17a39-008d-4bcc-88b2-384cc147e262,CATV1-P144-R1L,144,R1L,f3686cc1-401b-828d-62ab-4a8daf99a76c,BEAUTY_CARE,RUBOR OG YESS QUEEN,4ef7e563-2744-446c-804d-7fc5952ec59a,Outdoor Girl,,,41000,24da711148989ae3490d7d8ffe19b8c2c97326ec40c2be0bd87912c2df5d948f,BC-10049,BCV5-0050,beauty-care-rubor-og-yess-queen-p144-r1l,RESERVED_IMPORT_RANGE,GENERATED_CANONICAL_SOURCE_CODE,DETERMINISTIC_CANONICAL,NO_AUTHORITATIVE_MATCH,READY_CREATE
388a459d-f3f9-4709-88b5-b025dac28ba2,d4d17a39-008d-4bcc-88b2-384cc147e262,CATV1-P144-R1R,144,R1R,472bc2b4-f9de-0a9e-b4a8-3d1c938fd41e,BEAUTY_CARE,RUBOR OG YESS QUEEN,4ef7e563-2744-446c-804d-7fc5952ec59a,Outdoor Girl,,,36000,87167d3d8985887c403e11cb5dbbdaf5204369ae2588d2e0d3f9e345c3388423,BC-10050,BCV5-0051,beauty-care-rubor-og-yess-queen-p144-r1r,RESERVED_IMPORT_RANGE,GENERATED_CANONICAL_SOURCE_CODE,DETERMINISTIC_CANONICAL,NO_AUTHORITATIVE_MATCH,READY_CREATE
388a459d-f3f9-4709-88b5-b025dac28ba2,d4d17a39-008d-4bcc-88b2-384cc147e262,CATV1-P150-R2L,150,R2L,301ce96f-be5d-6a6d-d6b2-4249b5b4a1c9,BEAUTY_CARE,TROPICAL LUST,340fb06e-fd22-49ec-a967-359e83aa939b,Destiny by La Segura,,,31000,2f912e8ad33b9fab3dc9ad0242ae98a78db328f0f4e799ea56488d7c1489d451,BC-10051,BCV5-0052,beauty-care-tropical-lust,RESERVED_IMPORT_RANGE,GENERATED_CANONICAL_SOURCE_CODE,DETERMINISTIC_CANONICAL,NO_AUTHORITATIVE_MATCH,READY_CREATE
388a459d-f3f9-4709-88b5-b025dac28ba2,d4d17a39-008d-4bcc-88b2-384cc147e262,CATV1-P150-R3R,150,R3R,a170abba-bbb8-fae3-13b9-93db23874663,BEAUTY_CARE,BERRY FONDUE,340fb06e-fd22-49ec-a967-359e83aa939b,Destiny by La Segura,,,31000,47d9ad00776c057aa3c32722028ae1b14c77edf43d4a9d6389752d652e991e74,BC-10052,BCV5-0053,beauty-care-berry-fondue-p150-r3r,RESERVED_IMPORT_RANGE,GENERATED_CANONICAL_SOURCE_CODE,DETERMINISTIC_CANONICAL,NO_AUTHORITATIVE_MATCH,READY_CREATE
388a459d-f3f9-4709-88b5-b025dac28ba2,d4d17a39-008d-4bcc-88b2-384cc147e262,CATV1-P151-R2L,151,R2L,fb181e28-0657-9552-13e3-22e18d1e3460,BEAUTY_CARE,VELVET CHERRY,340fb06e-fd22-49ec-a967-359e83aa939b,Destiny by La Segura,,,31000,9ad79b6acb29ced794ca913a83b6e277305a91b4d2ab85a4716f10fb28644a2e,BC-10053,BCV5-0054,beauty-care-velvet-cherry,RESERVED_IMPORT_RANGE,GENERATED_CANONICAL_SOURCE_CODE,DETERMINISTIC_CANONICAL,NO_AUTHORITATIVE_MATCH,READY_CREATE
388a459d-f3f9-4709-88b5-b025dac28ba2,d4d17a39-008d-4bcc-88b2-384cc147e262,CATV1-P152-R3L,152,R3L,1a7cd973-8868-dfc5-85ea-589b862cf629,BEAUTY_CARE,BERRY FONDUE,340fb06e-fd22-49ec-a967-359e83aa939b,Destiny by La Segura,,,21000,e2a7501aaf9db032b2d91f3c5d554a14c43d48f775ff5cff97b0b62a47744325,BC-10054,BCV5-0055,beauty-care-berry-fondue-p152-r3l,RESERVED_IMPORT_RANGE,GENERATED_CANONICAL_SOURCE_CODE,DETERMINISTIC_CANONICAL,NO_AUTHORITATIVE_MATCH,READY_CREATE
388a459d-f3f9-4709-88b5-b025dac28ba2,d4d17a39-008d-4bcc-88b2-384cc147e262,CATV1-P158-R2R,158,R2R,d24f621e-a638-4c86-b6b4-501c224b4815,BEAUTY_CARE,ILUMINDOR STICK (2 TONOS ),abf21e50-eeba-4043-994f-673492de30f6,Atenea,,,45000,4b1255662181bdcd6084e6754f4487e25d3ae86572f8318630a33ba17a1fea18,BC-10055,BCV5-0056,beauty-care-ilumindor-stick-2-tonos,RESERVED_IMPORT_RANGE,GENERATED_CANONICAL_SOURCE_CODE,DETERMINISTIC_CANONICAL,NO_AUTHORITATIVE_MATCH,READY_CREATE
388a459d-f3f9-4709-88b5-b025dac28ba2,d4d17a39-008d-4bcc-88b2-384cc147e262,CATV1-P164-R3L,164,R3L,e1a9d336-2e4d-257d-975d-5bbe5a587faf,BEAUTY_CARE,POLVO MAJIKAL MINI,52c89d28-6e86-49d7-838d-1ea3be7c096f,Majikal,,,31000,2985b0d6afdacb2aa37f0b93be93f69a7d4061c3c6ab67b91dcbd3fe4cccd939,BC-10056,BCV5-0057,beauty-care-polvo-majikal-mini-p164-r3l,RESERVED_IMPORT_RANGE,GENERATED_CANONICAL_SOURCE_CODE,DETERMINISTIC_CANONICAL,NO_AUTHORITATIVE_MATCH,READY_CREATE
388a459d-f3f9-4709-88b5-b025dac28ba2,d4d17a39-008d-4bcc-88b2-384cc147e262,CATV1-P164-R3R,164,R3R,29790fa7-8eee-202f-4732-ebca915731bf,BEAUTY_CARE,POLVO MAJIKAL MINI,52c89d28-6e86-49d7-838d-1ea3be7c096f,Majikal,,,16000,d0a44af5f0b532ec3ee256b809c820dcafc3395a363fd78aca128c189116a549,BC-10057,BCV5-0058,beauty-care-polvo-majikal-mini-p164-r3r,RESERVED_IMPORT_RANGE,GENERATED_CANONICAL_SOURCE_CODE,DETERMINISTIC_CANONICAL,NO_AUTHORITATIVE_MATCH,READY_CREATE
388a459d-f3f9-4709-88b5-b025dac28ba2,d4d17a39-008d-4bcc-88b2-384cc147e262,CATV1-P171-R2L,171,R2L,014badea-f98e-76fa-5a2e-996576f665b8,BEAUTY_CARE,GEL CEJAS ANIIK,dba9ca71-ba8e-4e1c-bbe0-c71c3e1bbfbb,Ani-K,,,23000,1bcadcf41ccaec5494a550cd62a6cbdd6e7b24a1615ebd5e17b4e2241e040f27,BC-10058,BCV5-0059,beauty-care-gel-cejas-aniik,RESERVED_IMPORT_RANGE,GENERATED_CANONICAL_SOURCE_CODE,DETERMINISTIC_CANONICAL,NO_AUTHORITATIVE_MATCH,READY_CREATE
388a459d-f3f9-4709-88b5-b025dac28ba2,d4d17a39-008d-4bcc-88b2-384cc147e262,CATV1-P175-R1R,175,R1R,ed5219ce-0c86-7ae6-80a4-25a6fc7503d7,BEAUTY_CARE,DELINEADOR,e466082b-7532-4204-b781-94650387a81f,Bloomshell,,,13000,47c1bc8c78d8d80eece61821b01162e4e3e5b61547e548be1f4a09aa44b30719,BC-10059,BCV5-0060,beauty-care-delineador,RESERVED_IMPORT_RANGE,GENERATED_CANONICAL_SOURCE_CODE,DETERMINISTIC_CANONICAL,NO_AUTHORITATIVE_MATCH,READY_CREATE
388a459d-f3f9-4709-88b5-b025dac28ba2,d4d17a39-008d-4bcc-88b2-384cc147e262,CATV1-P176-R3L,176,R3L,719a5d48-3fc1-7589-a0be-48614edcff69,BEAUTY_CARE,DEADEMAOSOBRILLO,e466082b-7532-4204-b781-94650387a81f,Bloomshell,,,13000,221e66a65b7360e216f08f39571dd07314dd6b6b052f419144a0b8fc19bf61ec,BC-10060,BCV5-0061,beauty-care-deademaosobrillo,RESERVED_IMPORT_RANGE,GENERATED_CANONICAL_SOURCE_CODE,DETERMINISTIC_CANONICAL,NO_AUTHORITATIVE_MATCH,READY_CREATE
388a459d-f3f9-4709-88b5-b025dac28ba2,d4d17a39-008d-4bcc-88b2-384cc147e262,CATV1-P181-R2L,181,R2L,1a114ecb-c4e0-77a7-2f3b-77860e14e0fc,BEAUTY_CARE,BLOOM KISS,e466082b-7532-4204-b781-94650387a81f,Bloomshell,,,14000,377f65caf90c744ba00b49114ad2da5f9c6cd23f25af73d1264b55a83817f6f0,BC-10061,BCV5-0062,beauty-care-bloom-kiss,RESERVED_IMPORT_RANGE,GENERATED_CANONICAL_SOURCE_CODE,DETERMINISTIC_CANONICAL,NO_AUTHORITATIVE_MATCH,READY_CREATE
388a459d-f3f9-4709-88b5-b025dac28ba2,d4d17a39-008d-4bcc-88b2-384cc147e262,CATV1-P181-R3R,181,R3R,7bd7f54e-355f-038c-10b8-34e0977d1af5,BEAUTY_CARE,BROCHAS NUDE ELEGANCE,e466082b-7532-4204-b781-94650387a81f,Bloomshell,,,29000,b3b02b51f3dc33dfaba2c12a4436d9a8369bca0ad459d25cf4d741fb6b5880b1,BC-10062,BCV5-0063,beauty-care-brochas-nude-elegance,RESERVED_IMPORT_RANGE,GENERATED_CANONICAL_SOURCE_CODE,DETERMINISTIC_CANONICAL,NO_AUTHORITATIVE_MATCH,READY_CREATE
388a459d-f3f9-4709-88b5-b025dac28ba2,d4d17a39-008d-4bcc-88b2-384cc147e262,CATV1-P202-R1L,202,R1L,e0ef554f-ba30-6a6f-d6d9-8896d99178db,BEAUTY_CARE,HUMIDE GLOSS,a4ed69d0-66b1-4abd-9207-5ff729babb58,MONTOC,,,21000,96377c59141c2eec3e39abf6712011b7b6e3662dfd99ff8c11c21d0fe7bb9473,BC-10063,BCV5-0064,beauty-care-humide-gloss,RESERVED_IMPORT_RANGE,GENERATED_CANONICAL_SOURCE_CODE,DETERMINISTIC_CANONICAL,NO_AUTHORITATIVE_MATCH,READY_CREATE
388a459d-f3f9-4709-88b5-b025dac28ba2,d4d17a39-008d-4bcc-88b2-384cc147e262,CATV1-P202-R1R,202,R1R,89512542-9de2-cf60-20c6-9f9611fef2f7,BEAUTY_CARE,JUICYLIPS TONO 202,a4ed69d0-66b1-4abd-9207-5ff729babb58,MONTOC,,,21000,67f5a41db2960535f75e5630ae5f4846b74d41468deed0e84981bbbb81865bb0,BC-10064,BCV5-0065,beauty-care-juicylips-tono-202,RESERVED_IMPORT_RANGE,GENERATED_CANONICAL_SOURCE_CODE,DETERMINISTIC_CANONICAL,NO_AUTHORITATIVE_MATCH,READY_CREATE
388a459d-f3f9-4709-88b5-b025dac28ba2,d4d17a39-008d-4bcc-88b2-384cc147e262,CATV1-P202-R2L,202,R2L,bbf6ce32-69a8-b8c8-968f-306fbb4459fc,BEAUTY_CARE,"JUICY GLOSS 200,201,202",a4ed69d0-66b1-4abd-9207-5ff729babb58,MONTOC,,,33000,4bcd3595bae4eeb92049c979bea7ab94ea6b1b8f3fcbcc4048d9b5b3f6817feb,BC-10065,BCV5-0066,beauty-care-juicy-gloss-200-201-202,RESERVED_IMPORT_RANGE,GENERATED_CANONICAL_SOURCE_CODE,DETERMINISTIC_CANONICAL,NO_AUTHORITATIVE_MATCH,READY_CREATE
388a459d-f3f9-4709-88b5-b025dac28ba2,d4d17a39-008d-4bcc-88b2-384cc147e262,CATV1-P202-R2R,202,R2R,70a2c3b0-f6de-4bd7-6972-98540a52b6b3,BEAUTY_CARE,CLICKGLOSS PRO,a4ed69d0-66b1-4abd-9207-5ff729babb58,MONTOC,,,23900,254ee6403586599c696bdc3f22789062de331060f450e9149a60bc2192bac876,BC-10066,BCV5-0067,beauty-care-clickgloss-pro,RESERVED_IMPORT_RANGE,GENERATED_CANONICAL_SOURCE_CODE,DETERMINISTIC_CANONICAL,NO_AUTHORITATIVE_MATCH,READY_CREATE
388a459d-f3f9-4709-88b5-b025dac28ba2,d4d17a39-008d-4bcc-88b2-384cc147e262,CATV1-P202-R3L,202,R3L,cbd5255e-de8f-b63b-5679-dba1dddea3b8,BEAUTY_CARE,"LIPPIE BAL,M",a4ed69d0-66b1-4abd-9207-5ff729babb58,MONTOC,,,16000,8a63757f066edeefa2a86e7a7a734e0dbe2d73cddec6cef6a76d11eeb5da5c22,BC-10067,BCV5-0068,beauty-care-lippie-bal-m,RESERVED_IMPORT_RANGE,GENERATED_CANONICAL_SOURCE_CODE,DETERMINISTIC_CANONICAL,NO_AUTHORITATIVE_MATCH,READY_CREATE
388a459d-f3f9-4709-88b5-b025dac28ba2,d4d17a39-008d-4bcc-88b2-384cc147e262,CATV1-P202-R3R,202,R3R,6263430f-21ae-62c5-8968-7d2ce023e244,BEAUTY_CARE,RUBOR NOSTALGIC,a4ed69d0-66b1-4abd-9207-5ff729babb58,MONTOC,,,37000,d8ea06a1e6e6eec3775201dd071106992e9e29d4440ca1f22c5df67aa783f1cc,BC-10068,BCV5-0069,beauty-care-rubor-nostalgic,RESERVED_IMPORT_RANGE,GENERATED_CANONICAL_SOURCE_CODE,DETERMINISTIC_CANONICAL,NO_AUTHORITATIVE_MATCH,READY_CREATE
388a459d-f3f9-4709-88b5-b025dac28ba2,d4d17a39-008d-4bcc-88b2-384cc147e262,CATV1-P203-R1L,203,R1L,9740a3e9-5496-2c6c-1ffd-77803c8d594d,BEAUTY_CARE,PESTAÑAS PREGLUE,a4ed69d0-66b1-4abd-9207-5ff729babb58,MONTOC,,,6000,dd0506a601cd5fdbd64fee0964f0e56a21911faf9398df5a53dad611cbf456f9,BC-10069,BCV5-0070,beauty-care-pestanas-preglue,RESERVED_IMPORT_RANGE,GENERATED_CANONICAL_SOURCE_CODE,DETERMINISTIC_CANONICAL,NO_AUTHORITATIVE_MATCH,READY_CREATE
388a459d-f3f9-4709-88b5-b025dac28ba2,d4d17a39-008d-4bcc-88b2-384cc147e262,CATV1-P203-R1R,203,R1R,e7d461a8-8f03-cdcb-c30d-c8a2d887c953,BEAUTY_CARE,CONTORNO HUMIDE,a4ed69d0-66b1-4abd-9207-5ff729babb58,MONTOC,,,32000,6193d0ee3b8717bb5a3c3dff661024fe0b2c7d4c8bdabf6e391678df47a56fc5,BC-10070,BCV5-0071,beauty-care-contorno-humide,RESERVED_IMPORT_RANGE,GENERATED_CANONICAL_SOURCE_CODE,DETERMINISTIC_CANONICAL,NO_AUTHORITATIVE_MATCH,READY_CREATE
388a459d-f3f9-4709-88b5-b025dac28ba2,d4d17a39-008d-4bcc-88b2-384cc147e262,CATV1-P203-R2L,203,R2L,8dd08557-aeaf-fcd6-aac7-9cd8d0b66411,BEAUTY_CARE,CORRECTOR HUMIDE,a4ed69d0-66b1-4abd-9207-5ff729babb58,MONTOC,,,41000,3af553798505a7fbcd63c523c984274f73c27afaad9f4459ee7310ca93c38301,BC-10071,BCV5-0072,beauty-care-corrector-humide,RESERVED_IMPORT_RANGE,GENERATED_CANONICAL_SOURCE_CODE,DETERMINISTIC_CANONICAL,NO_AUTHORITATIVE_MATCH,READY_CREATE
388a459d-f3f9-4709-88b5-b025dac28ba2,d4d17a39-008d-4bcc-88b2-384cc147e262,CATV1-P203-R2R,203,R2R,c9a113af-c7fe-e3ba-ab4f-035f0911ea8f,BEAUTY_CARE,PINE,a4ed69d0-66b1-4abd-9207-5ff729babb58,MONTOC,,,46000,d91074f4846f0aef8d4b849359033f54552558b7a83d452e858b733b185c7278,BC-10072,BCV5-0073,beauty-care-pine,RESERVED_IMPORT_RANGE,GENERATED_CANONICAL_SOURCE_CODE,DETERMINISTIC_CANONICAL,NO_AUTHORITATIVE_MATCH,READY_CREATE
388a459d-f3f9-4709-88b5-b025dac28ba2,d4d17a39-008d-4bcc-88b2-384cc147e262,CATV1-P203-R3L,203,R3L,94497b02-9cec-4b95-ffed-58cfb5dd5000,BEAUTY_CARE,SERUM RETINOL,a4ed69d0-66b1-4abd-9207-5ff729babb58,MONTOC,,,51000,a1ca068d359483fa266b818d2769183b134500de8e7aeb35fa805c6caa11e8bd,BC-10073,BCV5-0074,beauty-care-serum-retinol,RESERVED_IMPORT_RANGE,GENERATED_CANONICAL_SOURCE_CODE,DETERMINISTIC_CANONICAL,NO_AUTHORITATIVE_MATCH,READY_CREATE
388a459d-f3f9-4709-88b5-b025dac28ba2,d4d17a39-008d-4bcc-88b2-384cc147e262,CATV1-P203-R3R,203,R3R,72028c6e-8928-a622-668b-291537c0d662,BEAUTY_CARE,ALGODÓN MONTOC,a4ed69d0-66b1-4abd-9207-5ff729babb58,MONTOC,,,26000,6372b666a37eb053fb035534acdf3b1250e49d1eb82674f4b44d954ee88f6c47,BC-10074,BCV5-0075,beauty-care-algodon-montoc,RESERVED_IMPORT_RANGE,GENERATED_CANONICAL_SOURCE_CODE,DETERMINISTIC_CANONICAL,NO_AUTHORITATIVE_MATCH,READY_CREATE
388a459d-f3f9-4709-88b5-b025dac28ba2,d4d17a39-008d-4bcc-88b2-384cc147e262,CATV1-P204-R1L,204,R1L,2aec9584-a710-0c0a-ed34-7df69393e1aa,BEAUTY_CARE,FIJADOR GRANDE,a4ed69d0-66b1-4abd-9207-5ff729babb58,MONTOC,,,31000,c8c999447dbb4c3ccdc8bba710ab7e866a6f2fe1db974665cd2c68b63163fad7,BC-10075,BCV5-0076,beauty-care-fijador-grande,RESERVED_IMPORT_RANGE,GENERATED_CANONICAL_SOURCE_CODE,DETERMINISTIC_CANONICAL,NO_AUTHORITATIVE_MATCH,READY_CREATE
388a459d-f3f9-4709-88b5-b025dac28ba2,d4d17a39-008d-4bcc-88b2-384cc147e262,CATV1-P204-R1R,204,R1R,6392455a-05b2-10da-d973-5a84b3d9b95a,BEAUTY_CARE,FIJADOR DIX FIX 30 ML,a4ed69d0-66b1-4abd-9207-5ff729babb58,MONTOC,,,30000,56cccf1ac5bee95741c7ed16a8707f62be0b9df9de81015c775a658cc9130596,BC-10076,BCV5-0077,beauty-care-fijador-dix-fix-30-ml,RESERVED_IMPORT_RANGE,GENERATED_CANONICAL_SOURCE_CODE,DETERMINISTIC_CANONICAL,NO_AUTHORITATIVE_MATCH,READY_CREATE
388a459d-f3f9-4709-88b5-b025dac28ba2,d4d17a39-008d-4bcc-88b2-384cc147e262,CATV1-P204-R2L,204,R2L,fc444ccb-314e-f960-ae40-10ffb8422902,BEAUTY_CARE,GEL HIDRATANTE HYDRO,a4ed69d0-66b1-4abd-9207-5ff729babb58,MONTOC,,,61000,b0cb20d98317144202e9ba495edb2befe7730806f8bdfef7f72a390dc996d2cd,BC-10077,BCV5-0078,beauty-care-gel-hidratante-hydro,RESERVED_IMPORT_RANGE,GENERATED_CANONICAL_SOURCE_CODE,DETERMINISTIC_CANONICAL,NO_AUTHORITATIVE_MATCH,READY_CREATE
388a459d-f3f9-4709-88b5-b025dac28ba2,d4d17a39-008d-4bcc-88b2-384cc147e262,CATV1-P204-R2R,204,R2R,cddd1acf-14cf-f906-2920-01dbe176587d,BEAUTY_CARE,SERUM NIACINAMIDA,a4ed69d0-66b1-4abd-9207-5ff729babb58,MONTOC,,,51000,e0cd946edf1898c745cf0e8cf19c89b3f56227de28d5e8a36ff2c47d40b60a4c,BC-10078,BCV5-0079,beauty-care-serum-niacinamida,RESERVED_IMPORT_RANGE,GENERATED_CANONICAL_SOURCE_CODE,DETERMINISTIC_CANONICAL,NO_AUTHORITATIVE_MATCH,READY_CREATE
388a459d-f3f9-4709-88b5-b025dac28ba2,d4d17a39-008d-4bcc-88b2-384cc147e262,CATV1-P204-R3L,204,R3L,fde980ed-f533-0bc5-99ab-8cd8dee6f10d,BEAUTY_CARE,FACE LIFT ACIDO HIALURONICO,a4ed69d0-66b1-4abd-9207-5ff729babb58,MONTOC,,,51000,7b67f5eb5d48f55c6d1ae438d4324782637c2c01e36fac0fe431f7866fca3b20,BC-10079,BCV5-0080,beauty-care-face-lift-acido-hialuronico,RESERVED_IMPORT_RANGE,GENERATED_CANONICAL_SOURCE_CODE,DETERMINISTIC_CANONICAL,NO_AUTHORITATIVE_MATCH,READY_CREATE
388a459d-f3f9-4709-88b5-b025dac28ba2,d4d17a39-008d-4bcc-88b2-384cc147e262,CATV1-P204-R3R,204,R3R,66ff4f5c-a48a-47fc-a0ce-58d3ee57c88d,BEAUTY_CARE,SERUM VITAMINA C,a4ed69d0-66b1-4abd-9207-5ff729babb58,MONTOC,,,51000,f0eef860467cd1ecf569d14e0053bc54e32a9b32f27f430f54497583fca6cafe,BC-10080,BCV5-0081,beauty-care-serum-vitamina-c,RESERVED_IMPORT_RANGE,GENERATED_CANONICAL_SOURCE_CODE,DETERMINISTIC_CANONICAL,NO_AUTHORITATIVE_MATCH,READY_CREATE
388a459d-f3f9-4709-88b5-b025dac28ba2,d4d17a39-008d-4bcc-88b2-384cc147e262,CATV1-P205-R1L,205,R1L,2093fd24-900e-df2f-3c73-5b76b0c46fd1,BEAUTY_CARE,JABONFACIAL,a4ed69d0-66b1-4abd-9207-5ff729babb58,MONTOC,,,61000,afd95a86cceeb5bdbfa3ba7d0d90bfeddabe4125e4519e32809261ad1041342d,BC-10081,BCV5-0082,beauty-care-jabonfacial,RESERVED_IMPORT_RANGE,GENERATED_CANONICAL_SOURCE_CODE,DETERMINISTIC_CANONICAL,NO_AUTHORITATIVE_MATCH,READY_CREATE
388a459d-f3f9-4709-88b5-b025dac28ba2,d4d17a39-008d-4bcc-88b2-384cc147e262,CATV1-P205-R1R,205,R1R,fdae7f94-3723-c2be-a731-252ab0e34570,BEAUTY_CARE,CONTORNO DE OJOS,a4ed69d0-66b1-4abd-9207-5ff729babb58,MONTOC,,,61000,0dfe32438064ca9db66b347c6e48de1ce350e1c0c377cfad9fc4fa2ab2e2f0c9,BC-10082,BCV5-0083,beauty-care-contorno-de-ojos,RESERVED_IMPORT_RANGE,GENERATED_CANONICAL_SOURCE_CODE,DETERMINISTIC_CANONICAL,NO_AUTHORITATIVE_MATCH,READY_CREATE
388a459d-f3f9-4709-88b5-b025dac28ba2,d4d17a39-008d-4bcc-88b2-384cc147e262,CATV1-P205-R2L,205,R2L,c9706557-46b2-6433-8a7b-df97b19d92d0,BEAUTY_CARE,SERUM BLUSH MONT,a4ed69d0-66b1-4abd-9207-5ff729babb58,MONTOC,,,31000,6593419e57094f36e7c98466cdd16191fa9422eb1efb033b77181c7cd66b7101,BC-10083,BCV5-0084,beauty-care-serum-blush-mont,RESERVED_IMPORT_RANGE,GENERATED_CANONICAL_SOURCE_CODE,DETERMINISTIC_CANONICAL,NO_AUTHORITATIVE_MATCH,READY_CREATE
388a459d-f3f9-4709-88b5-b025dac28ba2,d4d17a39-008d-4bcc-88b2-384cc147e262,CATV1-P205-R2R,205,R2R,9a5d3963-acde-a41c-dde5-36377606606f,BEAUTY_CARE,AMORE,a4ed69d0-66b1-4abd-9207-5ff729babb58,MONTOC,,,12000,9700f65fa94ef999b6a65b9494b2551a3cb19c812b845d584be13883a4372cc5,BC-10084,BCV5-0085,beauty-care-amore,RESERVED_IMPORT_RANGE,GENERATED_CANONICAL_SOURCE_CODE,DETERMINISTIC_CANONICAL,NO_AUTHORITATIVE_MATCH,READY_CREATE
388a459d-f3f9-4709-88b5-b025dac28ba2,d4d17a39-008d-4bcc-88b2-384cc147e262,CATV1-P205-R3L,205,R3L,115b5f0b-027a-30e0-6743-ed16ab567e7a,BEAUTY_CARE,CEPILLO EFECTO ALISADO,a4ed69d0-66b1-4abd-9207-5ff729babb58,MONTOC,,,16000,6608cde615b772e80950a9c49c9397d3f1be7fed8d3ac9335462aa8a7c6dd155,BC-10085,BCV5-0086,beauty-care-cepillo-efecto-alisado,RESERVED_IMPORT_RANGE,GENERATED_CANONICAL_SOURCE_CODE,DETERMINISTIC_CANONICAL,NO_AUTHORITATIVE_MATCH,READY_CREATE
388a459d-f3f9-4709-88b5-b025dac28ba2,d4d17a39-008d-4bcc-88b2-384cc147e262,CATV1-P205-R3R,205,R3R,078b681f-f6de-06f4-defc-0a345b98f3d6,BEAUTY_CARE,BROE WAX ULTRA,a4ed69d0-66b1-4abd-9207-5ff729babb58,MONTOC,,,30000,ed9a27414fd82982df0f47158892a489226aefea84b6b4929f23faea683fd03c,BC-10086,BCV5-0087,beauty-care-broe-wax-ultra,RESERVED_IMPORT_RANGE,GENERATED_CANONICAL_SOURCE_CODE,DETERMINISTIC_CANONICAL,NO_AUTHORITATIVE_MATCH,READY_CREATE
388a459d-f3f9-4709-88b5-b025dac28ba2,d4d17a39-008d-4bcc-88b2-384cc147e262,CATV1-P206-R1L,206,R1L,9b92aa10-b530-c4c2-8ade-3c94e1acb7fa,BEAUTY_CARE,HUMIDE LAPIZ DE CEJAS,a4ed69d0-66b1-4abd-9207-5ff729babb58,MONTOC,,,20900,c402b620ceed614473d1a33058671ad320a9420830c83770204b964287f78c6b,BC-10087,BCV5-0088,beauty-care-humide-lapiz-de-cejas,RESERVED_IMPORT_RANGE,GENERATED_CANONICAL_SOURCE_CODE,DETERMINISTIC_CANONICAL,NO_AUTHORITATIVE_MATCH,READY_CREATE
388a459d-f3f9-4709-88b5-b025dac28ba2,d4d17a39-008d-4bcc-88b2-384cc147e262,CATV1-P206-R1R,206,R1R,36acb744-dfb2-e9b1-07e9-48ff05d75a95,BEAUTY_CARE,SPIRAL GLOSSHUMIDE,a4ed69d0-66b1-4abd-9207-5ff729babb58,MONTOC,,,27900,07c609669a32acd807660b44cd42766abac5d554ac8bc72d2c9e48e279e077e9,BC-10088,BCV5-0089,beauty-care-spiral-glosshumide,RESERVED_IMPORT_RANGE,GENERATED_CANONICAL_SOURCE_CODE,DETERMINISTIC_CANONICAL,NO_AUTHORITATIVE_MATCH,READY_CREATE
388a459d-f3f9-4709-88b5-b025dac28ba2,d4d17a39-008d-4bcc-88b2-384cc147e262,CATV1-P206-R2L,206,R2L,2d37121e-ec7c-ca6e-ee36-b9985ee3b146,BEAUTY_CARE,SOFT POWDER ROSADO,a4ed69d0-66b1-4abd-9207-5ff729babb58,MONTOC,,,50000,bad88da5798d13800289bb495f209a17adfa96cbc1446d85e100672d8487bdf8,BC-10089,BCV5-0090,beauty-care-soft-powder-rosado,RESERVED_IMPORT_RANGE,GENERATED_CANONICAL_SOURCE_CODE,DETERMINISTIC_CANONICAL,NO_AUTHORITATIVE_MATCH,READY_CREATE
388a459d-f3f9-4709-88b5-b025dac28ba2,d4d17a39-008d-4bcc-88b2-384cc147e262,CATV1-P206-R2R,206,R2R,736a3d40-ef15-b566-07c3-a996ec7dbbf0,BEAUTY_CARE,BASEMONTOC TONO 100,a4ed69d0-66b1-4abd-9207-5ff729babb58,MONTOC,,,61000,03db42ba8d94d2c5842b4deb4655fb93fcf4522653d452334836a021a5c46f2f,BC-10090,BCV5-0091,beauty-care-basemontoc-tono-100,RESERVED_IMPORT_RANGE,GENERATED_CANONICAL_SOURCE_CODE,DETERMINISTIC_CANONICAL,NO_AUTHORITATIVE_MATCH,READY_CREATE
388a459d-f3f9-4709-88b5-b025dac28ba2,d4d17a39-008d-4bcc-88b2-384cc147e262,CATV1-P206-R3L,206,R3L,7546898d-dd62-1161-4520-966d3fa71671,BEAUTY_CARE,LIPPIE BOOSTER,a4ed69d0-66b1-4abd-9207-5ff729babb58,MONTOC,,,23000,6abeb8985e068562b2bf7ce44969a696e7ef08e7c9c4041f6fe8adce41869822,BC-10091,BCV5-0092,beauty-care-lippie-booster,RESERVED_IMPORT_RANGE,GENERATED_CANONICAL_SOURCE_CODE,DETERMINISTIC_CANONICAL,NO_AUTHORITATIVE_MATCH,READY_CREATE
388a459d-f3f9-4709-88b5-b025dac28ba2,d4d17a39-008d-4bcc-88b2-384cc147e262,CATV1-P206-R3R,206,R3R,b6b71359-2650-d92b-0e2d-ce97abb6fce9,BEAUTY_CARE,ILUMINADOR PALETA,a4ed69d0-66b1-4abd-9207-5ff729babb58,MONTOC,,,50000,142a13f308797206dbf8fed23aa7fe7fcfa990140a5fbf7bb7cbd3d12364f1f2,BC-10092,BCV5-0093,beauty-care-iluminador-paleta,RESERVED_IMPORT_RANGE,GENERATED_CANONICAL_SOURCE_CODE,DETERMINISTIC_CANONICAL,NO_AUTHORITATIVE_MATCH,READY_CREATE
388a459d-f3f9-4709-88b5-b025dac28ba2,d4d17a39-008d-4bcc-88b2-384cc147e262,CATV1-P207-R1L,207,R1L,52ffbd9f-d470-3918-45dc-2a3a8522e6cc,BEAUTY_CARE,CONTROL OIL MONTOC,a4ed69d0-66b1-4abd-9207-5ff729babb58,MONTOC,,,29000,a5c169bde2a9523a040929e2512296567d8879758a08839bad07f1bda2bb0682,BC-10093,BCV5-0094,beauty-care-control-oil-montoc,RESERVED_IMPORT_RANGE,GENERATED_CANONICAL_SOURCE_CODE,DETERMINISTIC_CANONICAL,NO_AUTHORITATIVE_MATCH,READY_CREATE
388a459d-f3f9-4709-88b5-b025dac28ba2,d4d17a39-008d-4bcc-88b2-384cc147e262,CATV1-P207-R1R,207,R1R,8e42337a-90b1-391e-ca78-2f9cc03eb106,BEAUTY_CARE,CORA LIP,a4ed69d0-66b1-4abd-9207-5ff729babb58,MONTOC,,,26000,825510c4f2a4f29d1a0fedcd95480cb79fd232af3c757ac9e9f2b49f29db7d07,BC-10094,BCV5-0095,beauty-care-cora-lip,RESERVED_IMPORT_RANGE,GENERATED_CANONICAL_SOURCE_CODE,DETERMINISTIC_CANONICAL,NO_AUTHORITATIVE_MATCH,READY_CREATE
388a459d-f3f9-4709-88b5-b025dac28ba2,d4d17a39-008d-4bcc-88b2-384cc147e262,CATV1-P207-R2L,207,R2L,7fd05f02-53c7-fdd0-23c8-2434e642716f,BEAUTY_CARE,LAPIZ DE LABIOS,a4ed69d0-66b1-4abd-9207-5ff729babb58,MONTOC,,,16000,2815d3c90a2fdac9c8f84bc4a82df7723ded3adff515da3d49562b7292608ac6,BC-10095,BCV5-0096,beauty-care-lapiz-de-labios,RESERVED_IMPORT_RANGE,GENERATED_CANONICAL_SOURCE_CODE,DETERMINISTIC_CANONICAL,NO_AUTHORITATIVE_MATCH,READY_CREATE
388a459d-f3f9-4709-88b5-b025dac28ba2,d4d17a39-008d-4bcc-88b2-384cc147e262,CATV1-P207-R2R,207,R2R,ba0b3e99-a4f5-107a-ad55-b16a6305480a,BEAUTY_CARE,BASE,a4ed69d0-66b1-4abd-9207-5ff729babb58,MONTOC,,,60000,bdcfb46283277293f46a04d0f9dde7d30acbb514d01abeb8122ab49d1c41ae79,BC-10096,BCV5-0097,beauty-care-base-p207-r2r,RESERVED_IMPORT_RANGE,GENERATED_CANONICAL_SOURCE_CODE,DETERMINISTIC_CANONICAL,NO_AUTHORITATIVE_MATCH,READY_CREATE
388a459d-f3f9-4709-88b5-b025dac28ba2,d4d17a39-008d-4bcc-88b2-384cc147e262,CATV1-P207-R3L,207,R3L,0b9897e3-70cf-7b8e-e2e3-811a4b7cb5a0,BEAUTY_CARE,LAPIZ MONTOC X,a4ed69d0-66b1-4abd-9207-5ff729babb58,MONTOC,,,16000,4d97e0773f7e14e619e30499671700d948c4bb6303dc25d68e9142f876332e84,BC-10097,BCV5-0098,beauty-care-lapiz-montoc-x,RESERVED_IMPORT_RANGE,GENERATED_CANONICAL_SOURCE_CODE,DETERMINISTIC_CANONICAL,NO_AUTHORITATIVE_MATCH,READY_CREATE
388a459d-f3f9-4709-88b5-b025dac28ba2,d4d17a39-008d-4bcc-88b2-384cc147e262,CATV1-P207-R3R,207,R3R,ce6e6928-edef-441f-9047-a6e1f8393699,BEAUTY_CARE,BROCHA B74 X,a4ed69d0-66b1-4abd-9207-5ff729babb58,MONTOC,,,29000,26252104d6cbe8800a73771740e0e6038b47fa7dfc9fac4281c3bb11106b464b,BC-10098,BCV5-0099,beauty-care-brocha-b74-x,RESERVED_IMPORT_RANGE,GENERATED_CANONICAL_SOURCE_CODE,DETERMINISTIC_CANONICAL,NO_AUTHORITATIVE_MATCH,READY_CREATE
388a459d-f3f9-4709-88b5-b025dac28ba2,d4d17a39-008d-4bcc-88b2-384cc147e262,CATV1-P208-R1L,208,R1L,d284a565-54a5-2d83-732e-caabfea996a1,BEAUTY_CARE,LIGHT SET MONTOC,a4ed69d0-66b1-4abd-9207-5ff729babb58,MONTOC,,,37000,44152c4d518118460c2147adc9d5bc3be7c867195e455bb0d5f81981cefc5e4f,BC-10099,BCV5-0100,beauty-care-light-set-montoc-p208-r1l,RESERVED_IMPORT_RANGE,GENERATED_CANONICAL_SOURCE_CODE,DETERMINISTIC_CANONICAL,NO_AUTHORITATIVE_MATCH,READY_CREATE
388a459d-f3f9-4709-88b5-b025dac28ba2,d4d17a39-008d-4bcc-88b2-384cc147e262,CATV1-P208-R1R,208,R1R,bc566a57-e5de-453a-5c9b-cd18319931d8,BEAUTY_CARE,POLVO MONTOC 30G,a4ed69d0-66b1-4abd-9207-5ff729babb58,MONTOC,,,66000,08b1fcc43224e9364ec8800998c0b6e095b28c9e54ab175620b1a4bc66038056,BC-10100,BCV5-0101,beauty-care-polvo-montoc-30g,RESERVED_IMPORT_RANGE,GENERATED_CANONICAL_SOURCE_CODE,DETERMINISTIC_CANONICAL,NO_AUTHORITATIVE_MATCH,READY_CREATE
388a459d-f3f9-4709-88b5-b025dac28ba2,d4d17a39-008d-4bcc-88b2-384cc147e262,CATV1-P208-R2L,208,R2L,8a12d3f0-1d88-f2f7-691d-02b3a9fc1950,BEAUTY_CARE,POLVO 10G TRASLUCIDO,a4ed69d0-66b1-4abd-9207-5ff729babb58,MONTOC,,,38000,d683e080eb04c723f174056d8a4b2fd2b19723aa83bbf419ee2c329a0e5a5aa7,BC-10101,BCV5-0102,beauty-care-polvo-10g-traslucido,RESERVED_IMPORT_RANGE,GENERATED_CANONICAL_SOURCE_CODE,DETERMINISTIC_CANONICAL,NO_AUTHORITATIVE_MATCH,READY_CREATE
388a459d-f3f9-4709-88b5-b025dac28ba2,d4d17a39-008d-4bcc-88b2-384cc147e262,CATV1-P208-R2R,208,R2R,198a2a16-bc93-6fc2-6f63-9250f09345ca,BEAUTY_CARE,LIGHT SET MONTOC,a4ed69d0-66b1-4abd-9207-5ff729babb58,MONTOC,,,34000,4356b805291093a42092a94303af505a0ca334cc0855fd7ed0bb06d01a7d3607,BC-10102,BCV5-0103,beauty-care-light-set-montoc-p208-r2r,RESERVED_IMPORT_RANGE,GENERATED_CANONICAL_SOURCE_CODE,DETERMINISTIC_CANONICAL,NO_AUTHORITATIVE_MATCH,READY_CREATE
388a459d-f3f9-4709-88b5-b025dac28ba2,d4d17a39-008d-4bcc-88b2-384cc147e262,CATV1-P209-R1L,209,R1L,16298d3f-bbd0-78f2-56ac-5907a30c5b89,BEAUTY_CARE,BRONZER MONTOC,a4ed69d0-66b1-4abd-9207-5ff729babb58,MONTOC,,,46000,cffce6cc6e3f26fcb9c2d9ff0869c835328af8e39c15a21ab37c203a8944c16b,BC-10103,BCV5-0104,beauty-care-bronzer-montoc,RESERVED_IMPORT_RANGE,GENERATED_CANONICAL_SOURCE_CODE,DETERMINISTIC_CANONICAL,NO_AUTHORITATIVE_MATCH,READY_CREATE
388a459d-f3f9-4709-88b5-b025dac28ba2,d4d17a39-008d-4bcc-88b2-384cc147e262,CATV1-P209-R1R,209,R1R,429c9b44-6b0d-154b-26f3-4adb49dfcab6,BEAUTY_CARE,PRIMER GRIP,a4ed69d0-66b1-4abd-9207-5ff729babb58,MONTOC,,,46000,12f5c96be8d1ff753bdae4f10faf1b6e7b863b7cb1f1d73880538ee4e32071a0,BC-10104,BCV5-0105,beauty-care-primer-grip,RESERVED_IMPORT_RANGE,GENERATED_CANONICAL_SOURCE_CODE,DETERMINISTIC_CANONICAL,NO_AUTHORITATIVE_MATCH,READY_CREATE
388a459d-f3f9-4709-88b5-b025dac28ba2,d4d17a39-008d-4bcc-88b2-384cc147e262,CATV1-P209-R2L,209,R2L,1dd5f290-933f-d138-4a21-d70096e9705a,BEAUTY_CARE,FIJADOR 200ML,a4ed69d0-66b1-4abd-9207-5ff729babb58,MONTOC,,,79000,97437a108850187819acf619f464f9fc7ff69799941555b9a580512d7369d72b,BC-10105,BCV5-0106,beauty-care-fijador-200ml,RESERVED_IMPORT_RANGE,GENERATED_CANONICAL_SOURCE_CODE,DETERMINISTIC_CANONICAL,NO_AUTHORITATIVE_MATCH,READY_CREATE
388a459d-f3f9-4709-88b5-b025dac28ba2,d4d17a39-008d-4bcc-88b2-384cc147e262,CATV1-P209-R2R,209,R2R,18ef542f-352e-a20e-024e-d8a643065a38,BEAUTY_CARE,POLVO 10G BANANA,a4ed69d0-66b1-4abd-9207-5ff729babb58,MONTOC,,,38000,65eed587491d71d7bb7e58f661d99878b7e03b79c95ce243d03fa5697557a8e1,BC-10106,BCV5-0107,beauty-care-polvo-10g-banana,RESERVED_IMPORT_RANGE,GENERATED_CANONICAL_SOURCE_CODE,DETERMINISTIC_CANONICAL,NO_AUTHORITATIVE_MATCH,READY_CREATE
388a459d-f3f9-4709-88b5-b025dac28ba2,d4d17a39-008d-4bcc-88b2-384cc147e262,CATV1-P209-R3L,209,R3L,d31728f5-1487-1194-6635-b513f00d2ee6,BEAUTY_CARE,RUBOR STICK,a4ed69d0-66b1-4abd-9207-5ff729babb58,MONTOC,,,22000,e1a3b4566158e129b50884a08554dca73a19950457f3e909335c5b5073032da7,BC-10107,BCV5-0108,beauty-care-rubor-stick,RESERVED_IMPORT_RANGE,GENERATED_CANONICAL_SOURCE_CODE,DETERMINISTIC_CANONICAL,NO_AUTHORITATIVE_MATCH,READY_CREATE
388a459d-f3f9-4709-88b5-b025dac28ba2,d4d17a39-008d-4bcc-88b2-384cc147e262,CATV1-P209-R3R,209,R3R,a912f7d0-89ea-1a1e-c8ee-6f12ceeb6e39,BEAUTY_CARE,BB CREAM SUNSOON,a4ed69d0-66b1-4abd-9207-5ff729babb58,MONTOC,,,60000,d279a74c82186c23f2617fd81b1e8633ed7b04cd001f3e117cd122760ed56cca,BC-10108,BCV5-0109,beauty-care-bb-cream-sunsoon,RESERVED_IMPORT_RANGE,GENERATED_CANONICAL_SOURCE_CODE,DETERMINISTIC_CANONICAL,NO_AUTHORITATIVE_MATCH,READY_CREATE
388a459d-f3f9-4709-88b5-b025dac28ba2,d4d17a39-008d-4bcc-88b2-384cc147e262,CATV1-P210-R1L,210,R1L,6a95ef4e-1c52-3bb5-9403-7ab9be2b0885,BEAUTY_CARE,AGUA DE ROSAS,a4ed69d0-66b1-4abd-9207-5ff729babb58,MONTOC,,,36000,6e1a301e6360de739a6086da1d9b29d750fbaeb4f5fc0199ee12aee412222268,BC-10109,BCV5-0110,beauty-care-agua-de-rosas,RESERVED_IMPORT_RANGE,GENERATED_CANONICAL_SOURCE_CODE,DETERMINISTIC_CANONICAL,NO_AUTHORITATIVE_MATCH,READY_CREATE
388a459d-f3f9-4709-88b5-b025dac28ba2,d4d17a39-008d-4bcc-88b2-384cc147e262,CATV1-P210-R1R,210,R1R,973307c6-6452-0a5d-2384-bde6e1d8d99a,BEAUTY_CARE,KIT DE BROCHAS VIAJERAS,a4ed69d0-66b1-4abd-9207-5ff729babb58,MONTOC,,,61000,538b219029a86ad7ceae3b666c36de8181aaa82df2957573722fb354ce4261a2,BC-10110,BCV5-0111,beauty-care-kit-de-brochas-viajeras,RESERVED_IMPORT_RANGE,GENERATED_CANONICAL_SOURCE_CODE,DETERMINISTIC_CANONICAL,NO_AUTHORITATIVE_MATCH,READY_CREATE
388a459d-f3f9-4709-88b5-b025dac28ba2,d4d17a39-008d-4bcc-88b2-384cc147e262,CATV1-P210-R2L,210,R2L,a2b7ffaa-57b0-948d-91d4-0eaa043818c4,BEAUTY_CARE,HELLO BEACH BRONZER,a4ed69d0-66b1-4abd-9207-5ff729babb58,MONTOC,,,18000,fcff2e190a66beafb1ac59af7c799e342f82817f573c43041cf60d3a26c3f9d1,BC-10111,BCV5-0112,beauty-care-hello-beach-bronzer,RESERVED_IMPORT_RANGE,GENERATED_CANONICAL_SOURCE_CODE,DETERMINISTIC_CANONICAL,NO_AUTHORITATIVE_MATCH,READY_CREATE
388a459d-f3f9-4709-88b5-b025dac28ba2,d4d17a39-008d-4bcc-88b2-384cc147e262,CATV1-P210-R2R,210,R2R,4987bb1c-8a3d-5b29-ebf3-62687e06878c,BEAUTY_CARE,BLOQUEADOR SUNSOON,a4ed69d0-66b1-4abd-9207-5ff729babb58,MONTOC,,,67000,040d29fdf4c3441ce9e49d663c403acf68c42c1faa5f82e3bed064c33e57ed54,BC-10112,BCV5-0113,beauty-care-bloqueador-sunsoon,RESERVED_IMPORT_RANGE,GENERATED_CANONICAL_SOURCE_CODE,DETERMINISTIC_CANONICAL,NO_AUTHORITATIVE_MATCH,READY_CREATE
388a459d-f3f9-4709-88b5-b025dac28ba2,d4d17a39-008d-4bcc-88b2-384cc147e262,CATV1-P210-R3L,210,R3L,a58a67d9-1096-db6e-6e87-026e88b4784b,BEAUTY_CARE,BASE,a4ed69d0-66b1-4abd-9207-5ff729babb58,MONTOC,,,53000,9f280146b7c9bbe004f004c2dbc8918f7ab77e2a90e6772a595c65d08851d231,BC-10113,BCV5-0114,beauty-care-base-p210-r3l,RESERVED_IMPORT_RANGE,GENERATED_CANONICAL_SOURCE_CODE,DETERMINISTIC_CANONICAL,NO_AUTHORITATIVE_MATCH,READY_CREATE
388a459d-f3f9-4709-88b5-b025dac28ba2,d4d17a39-008d-4bcc-88b2-384cc147e262,CATV1-P210-R3R,210,R3R,9a469c32-159d-02d7-e89f-158749bc4a85,BEAUTY_CARE,RUBOR,a4ed69d0-66b1-4abd-9207-5ff729babb58,MONTOC,,,45000,2be8b4040aa8138e88492d76e832d1553525bc02deeac1912dad2ec80e983684,BC-10114,BCV5-0115,beauty-care-rubor,RESERVED_IMPORT_RANGE,GENERATED_CANONICAL_SOURCE_CODE,DETERMINISTIC_CANONICAL,NO_AUTHORITATIVE_MATCH,READY_CREATE
388a459d-f3f9-4709-88b5-b025dac28ba2,d4d17a39-008d-4bcc-88b2-384cc147e262,CATV1-P211-R1L,211,R1L,f0f1c440-0e69-1523-5383-8a4f3f6c1bcf,BEAUTY_CARE,ENCRESPADOR,a4ed69d0-66b1-4abd-9207-5ff729babb58,MONTOC,,,16000,a8d2b6cfe2d504203d08472b8c555fa85d9069c858316c96855d79e504a4d401,BC-10115,BCV5-0116,beauty-care-encrespador,RESERVED_IMPORT_RANGE,GENERATED_CANONICAL_SOURCE_CODE,DETERMINISTIC_CANONICAL,NO_AUTHORITATIVE_MATCH,READY_CREATE
388a459d-f3f9-4709-88b5-b025dac28ba2,d4d17a39-008d-4bcc-88b2-384cc147e262,CATV1-P211-R1R,211,R1R,5a3f740b-6de5-8d88-c834-be15a1bce478,BEAUTY_CARE,BROCHA FLUFLY,a4ed69d0-66b1-4abd-9207-5ff729babb58,MONTOC,,,58000,649c2460ac0009cae8edaa406a3c3700295852063d02a810e53de34eff8284c8,BC-10116,BCV5-0117,beauty-care-brocha-flufly,RESERVED_IMPORT_RANGE,GENERATED_CANONICAL_SOURCE_CODE,DETERMINISTIC_CANONICAL,NO_AUTHORITATIVE_MATCH,READY_CREATE
388a459d-f3f9-4709-88b5-b025dac28ba2,d4d17a39-008d-4bcc-88b2-384cc147e262,CATV1-P211-R2L,211,R2L,cd02fd1b-c2c5-82d1-e4d5-fc89be1edc4e,BEAUTY_CARE,PALETA HARMONY,a4ed69d0-66b1-4abd-9207-5ff729babb58,MONTOC,,,41000,6da1340cc9a080f4e1506eaa7ca32af7a32ca34b69fc7c552815f5b36085ea04,BC-10117,BCV5-0118,beauty-care-paleta-harmony,RESERVED_IMPORT_RANGE,GENERATED_CANONICAL_SOURCE_CODE,DETERMINISTIC_CANONICAL,NO_AUTHORITATIVE_MATCH,READY_CREATE
388a459d-f3f9-4709-88b5-b025dac28ba2,d4d17a39-008d-4bcc-88b2-384cc147e262,CATV1-P211-R2R,211,R2R,e6daafbe-eb42-bd16-1f78-20b9e4082a47,BEAUTY_CARE,DELINEADOR MIAU,a4ed69d0-66b1-4abd-9207-5ff729babb58,MONTOC,,,20000,711db7183611b143dbc102d2619b8c638b56ef1915cc259aa2452f18ba4a3a3e,BC-10118,BCV5-0119,beauty-care-delineador-miau,RESERVED_IMPORT_RANGE,GENERATED_CANONICAL_SOURCE_CODE,DETERMINISTIC_CANONICAL,NO_AUTHORITATIVE_MATCH,READY_CREATE
388a459d-f3f9-4709-88b5-b025dac28ba2,d4d17a39-008d-4bcc-88b2-384cc147e262,CATV1-P211-R3L,211,R3L,6d577746-7bd8-a584-eba0-3bf7f0d6bc59,BEAUTY_CARE,MONTOC BEAUTY SKIN GEL,a4ed69d0-66b1-4abd-9207-5ff729babb58,MONTOC,,,59000,28b191155bb458b37829c44b2afd3555677e5dc78992537b95b935e49aa9e1af,BC-10119,BCV5-0120,beauty-care-montoc-beauty-skin-gel,RESERVED_IMPORT_RANGE,GENERATED_CANONICAL_SOURCE_CODE,DETERMINISTIC_CANONICAL,NO_AUTHORITATIVE_MATCH,READY_CREATE
388a459d-f3f9-4709-88b5-b025dac28ba2,d4d17a39-008d-4bcc-88b2-384cc147e262,CATV1-P211-R3R,211,R3R,8607b40f-57a8-9998-2a2f-b615f7b34730,BEAUTY_CARE,POLVO 30G BANANA,a4ed69d0-66b1-4abd-9207-5ff729babb58,MONTOC,,,66000,e7096aea2adb7562627ce3b7cae34db5b5d1856b2f649512d6537bd12b4460cb,BC-10120,BCV5-0121,beauty-care-polvo-30g-banana,RESERVED_IMPORT_RANGE,GENERATED_CANONICAL_SOURCE_CODE,DETERMINISTIC_CANONICAL,NO_AUTHORITATIVE_MATCH,READY_CREATE
388a459d-f3f9-4709-88b5-b025dac28ba2,d4d17a39-008d-4bcc-88b2-384cc147e262,CATV1-P215-R1L,215,R1L,a4c6526b-ed53-584b-6adb-afb115b51d97,BEAUTY_CARE,BROCHA CEJAS,,,3544b1fc-163e-4fe0-8751-d653d17451f7,ACCESORIOS PARA MAQUILLAJE,6000,7cc56b614004f98c2e7c63ca47bf6394c93589854cb0af727cc17ba0ef39ab0c,BC-10121,BCV5-0122,beauty-care-brocha-cejas,RESERVED_IMPORT_RANGE,GENERATED_CANONICAL_SOURCE_CODE,DETERMINISTIC_CANONICAL,NO_AUTHORITATIVE_MATCH,READY_CREATE
388a459d-f3f9-4709-88b5-b025dac28ba2,d4d17a39-008d-4bcc-88b2-384cc147e262,CATV1-P218-R1L,218,R1L,589287be-cd85-ec7e-ce2e-3b9ebfb7305c,BEAUTY_CARE,DELINEADOR BLANCO,,,69039ea1-d8d5-4ae9-9dcb-f57b20ec92b7,"CEJAS, PESTAÑAS Y DELINEADORES",13000,30e032c6ff70aa170525b96ad580be94340a376e64ba0b4d2054585c874e5e02,BC-10122,BCV5-0123,beauty-care-delineador-blanco-p218-r1l,RESERVED_IMPORT_RANGE,GENERATED_CANONICAL_SOURCE_CODE,DETERMINISTIC_CANONICAL,NO_AUTHORITATIVE_MATCH,READY_CREATE
388a459d-f3f9-4709-88b5-b025dac28ba2,d4d17a39-008d-4bcc-88b2-384cc147e262,CATV1-P218-R3L,218,R3L,c9432f02-1363-e7bd-1868-18298b96412a,BEAUTY_CARE,PESTAÑAS PELOAPELO X,,,69039ea1-d8d5-4ae9-9dcb-f57b20ec92b7,"CEJAS, PESTAÑAS Y DELINEADORES",11000,3674bb74d229c43c6f773b6320d6b6a551cd67bf4929955d40c8aa3beef590e5,BC-10123,BCV5-0124,beauty-care-pestanas-peloapelo-x,RESERVED_IMPORT_RANGE,GENERATED_CANONICAL_SOURCE_CODE,DETERMINISTIC_CANONICAL,NO_AUTHORITATIVE_MATCH,READY_CREATE
388a459d-f3f9-4709-88b5-b025dac28ba2,d4d17a39-008d-4bcc-88b2-384cc147e262,CATV1-P220-R2R,220,R2R,91e76743-969b-d8e5-9b6f-d96b8e720654,BEAUTY_CARE,PESTAÑINAPROSAMAXI SILICON,,,69039ea1-d8d5-4ae9-9dcb-f57b20ec92b7,"CEJAS, PESTAÑAS Y DELINEADORES",23000,edda4e976e22320cff2d425ea703eca1ea93cc8c6888fcf5b8530ec59624d151,BC-10124,BCV5-0125,beauty-care-pestaninaprosamaxi-silicon,RESERVED_IMPORT_RANGE,GENERATED_CANONICAL_SOURCE_CODE,DETERMINISTIC_CANONICAL,NO_AUTHORITATIVE_MATCH,READY_CREATE
388a459d-f3f9-4709-88b5-b025dac28ba2,d4d17a39-008d-4bcc-88b2-384cc147e262,CATV1-P220-R3L,220,R3L,b671bb7c-fcd1-d2a4-83d2-5159a6bb7097,BEAUTY_CARE,PESTAÑINAPROSAPROFESIONAL,,,69039ea1-d8d5-4ae9-9dcb-f57b20ec92b7,"CEJAS, PESTAÑAS Y DELINEADORES",23000,f9b634ef9eda9e6fb8b88a44fd8a0af0b53b3ebc1e682e034fb19d391e80d374,BC-10125,BCV5-0126,beauty-care-pestaninaprosaprofesional,RESERVED_IMPORT_RANGE,GENERATED_CANONICAL_SOURCE_CODE,DETERMINISTIC_CANONICAL,NO_AUTHORITATIVE_MATCH,READY_CREATE
388a459d-f3f9-4709-88b5-b025dac28ba2,d4d17a39-008d-4bcc-88b2-384cc147e262,CATV1-P221-R2R,221,R2R,86d598dd-5499-885d-0613-efae11ef7d61,BEAUTY_CARE,PILUSS PESTÁÑAS,,,69039ea1-d8d5-4ae9-9dcb-f57b20ec92b7,"CEJAS, PESTAÑAS Y DELINEADORES",46000,f9f58ac5474206b28fc5d365bfc5b5182ff99382982e2be10639236e75e688e3,BC-10126,BCV5-0127,beauty-care-piluss-pestanas-p221-r2r,RESERVED_IMPORT_RANGE,GENERATED_CANONICAL_SOURCE_CODE,DETERMINISTIC_CANONICAL,NO_AUTHORITATIVE_MATCH,READY_CREATE
388a459d-f3f9-4709-88b5-b025dac28ba2,d4d17a39-008d-4bcc-88b2-384cc147e262,CATV1-P221-R3L,221,R3L,4e4a7bb7-87d5-4b62-3fa5-d3473a91661a,BEAUTY_CARE,PILUSS PESTÁÑAS,,,69039ea1-d8d5-4ae9-9dcb-f57b20ec92b7,"CEJAS, PESTAÑAS Y DELINEADORES",11000,71530ce269afb34fb256974c9d99642c2a3332d5c5f923ee75138aecfd574822,BC-10127,BCV5-0128,beauty-care-piluss-pestanas-p221-r3l,RESERVED_IMPORT_RANGE,GENERATED_CANONICAL_SOURCE_CODE,DETERMINISTIC_CANONICAL,NO_AUTHORITATIVE_MATCH,READY_CREATE
388a459d-f3f9-4709-88b5-b025dac28ba2,d4d17a39-008d-4bcc-88b2-384cc147e262,CATV1-P221-R3R,221,R3R,5ba50c3b-466c-41e7-4c99-0bd318f012da,BEAUTY_CARE,DELINEADOR BLANCO,,,69039ea1-d8d5-4ae9-9dcb-f57b20ec92b7,"CEJAS, PESTAÑAS Y DELINEADORES",7000,1242f31cf91710208ca1b90e66a42c38833db88595e49a42529d5488aff1032d,BC-10128,BCV5-0129,beauty-care-delineador-blanco-p221-r3r,RESERVED_IMPORT_RANGE,GENERATED_CANONICAL_SOURCE_CODE,DETERMINISTIC_CANONICAL,NO_AUTHORITATIVE_MATCH,READY_CREATE
388a459d-f3f9-4709-88b5-b025dac28ba2,d4d17a39-008d-4bcc-88b2-384cc147e262,CATV1-P223-R1R,223,R1R,c477ec1c-cd6e-4ce1-59e8-823d15a4f848,BEAUTY_CARE,COSMETIQUERA BOLSO,,,69039ea1-d8d5-4ae9-9dcb-f57b20ec92b7,"CEJAS, PESTAÑAS Y DELINEADORES",41000,fcdb31982d68901df961235858aee9041d07e5ecd9d9192976947f212b2dd17b,BC-10129,BCV5-0130,beauty-care-cosmetiquera-bolso,RESERVED_IMPORT_RANGE,GENERATED_CANONICAL_SOURCE_CODE,DETERMINISTIC_CANONICAL,NO_AUTHORITATIVE_MATCH,READY_CREATE
388a459d-f3f9-4709-88b5-b025dac28ba2,d4d17a39-008d-4bcc-88b2-384cc147e262,CATV1-P225-R2R,225,R2R,befbb3db-7f50-bd8c-f7df-4fb6a4648ba7,BEAUTY_CARE,USHAS 12 TONOS DIFERENTES X,,,318f08f0-9aa4-4099-a767-9e0ac8298157,"LABIALES, BRILLOS, DELINEADORES, HIDRATANTES Y TINTAS",14000,6100eebbe751c36c99bf9c808058980cfa5f766a47cde24ff3f443a0a0a812e2,BC-10130,BCV5-0131,beauty-care-ushas-12-tonos-diferentes-x,RESERVED_IMPORT_RANGE,GENERATED_CANONICAL_SOURCE_CODE,DETERMINISTIC_CANONICAL,NO_AUTHORITATIVE_MATCH,READY_CREATE
388a459d-f3f9-4709-88b5-b025dac28ba2,d4d17a39-008d-4bcc-88b2-384cc147e262,CATV1-P227-R2L,227,R2L,35ea919c-f40a-d094-025d-286be407dc41,BEAUTY_CARE,GLOSS CON COLOR LLAVERO,,,318f08f0-9aa4-4099-a767-9e0ac8298157,"LABIALES, BRILLOS, DELINEADORES, HIDRATANTES Y TINTAS",11000,cc758671f0cb829032ac7620f72b3261e239e7b73f94da049458939a5d4b2b19,BC-10131,BCV5-0132,beauty-care-gloss-con-color-llavero,RESERVED_IMPORT_RANGE,GENERATED_CANONICAL_SOURCE_CODE,DETERMINISTIC_CANONICAL,NO_AUTHORITATIVE_MATCH,READY_CREATE
388a459d-f3f9-4709-88b5-b025dac28ba2,d4d17a39-008d-4bcc-88b2-384cc147e262,CATV1-P230-R3L,230,R3L,36f1f7d9-23a8-6ea1-3817-41d70bc97302,BEAUTY_CARE,POLVO DE HADAS,,,e137169e-b616-4487-aa3e-7637db245219,"BASES, CORRECTORES, POLVOS, RUBORES E ILUMINADORES",13000,4403ad2e058f9ceb8ab975b5a0b8765d7c7ce761eb6b7d8dbe1b5b9d1e21c303,BC-10132,BCV5-0133,beauty-care-polvo-de-hadas,RESERVED_IMPORT_RANGE,GENERATED_CANONICAL_SOURCE_CODE,DETERMINISTIC_CANONICAL,NO_AUTHORITATIVE_MATCH,READY_CREATE
388a459d-f3f9-4709-88b5-b025dac28ba2,d4d17a39-008d-4bcc-88b2-384cc147e262,CATV1-P231-R1L,231,R1L,6fac0f17-c461-bd93-5615-e1e99431329c,BEAUTY_CARE,ILUMIANDOR,,,e137169e-b616-4487-aa3e-7637db245219,"BASES, CORRECTORES, POLVOS, RUBORES E ILUMINADORES",11000,d8074b088d7ea617efaca31efebc230c0736901868a876f7caefe42dab078bd3,BC-10133,BCV5-0134,beauty-care-ilumiandor,RESERVED_IMPORT_RANGE,GENERATED_CANONICAL_SOURCE_CODE,DETERMINISTIC_CANONICAL,NO_AUTHORITATIVE_MATCH,READY_CREATE
388a459d-f3f9-4709-88b5-b025dac28ba2,d4d17a39-008d-4bcc-88b2-384cc147e262,CATV1-P238-R1R,238,R1R,42cefa07-0440-41d6-cc1e-978e21ea3421,BEAUTY_CARE,LABIAL HUMECTANTE,ea9d8272-18a7-4af8-8f21-578b65ac5c66,Purpure by Angie Bedoya,,,8000,44fcea456092b3d009877921008cc17a13462ddeca02b62b78076a3e56ea99fa,BC-10134,BCV5-0135,beauty-care-labial-humectante-p238-r1r,RESERVED_IMPORT_RANGE,GENERATED_CANONICAL_SOURCE_CODE,DETERMINISTIC_CANONICAL,NO_AUTHORITATIVE_MATCH,READY_CREATE
388a459d-f3f9-4709-88b5-b025dac28ba2,d4d17a39-008d-4bcc-88b2-384cc147e262,CATV1-P238-R2L,238,R2L,39b06687-d45a-3cfd-0577-1c1a3df767d0,BEAUTY_CARE,LABIAL HUMECTANTE,ea9d8272-18a7-4af8-8f21-578b65ac5c66,Purpure by Angie Bedoya,,,20000,1d6a6c87f8d934d42cc23c6f3a422f91b635d9927a310ae98bfaa7b67660d4c9,BC-10135,BCV5-0136,beauty-care-labial-humectante-p238-r2l,RESERVED_IMPORT_RANGE,GENERATED_CANONICAL_SOURCE_CODE,DETERMINISTIC_CANONICAL,NO_AUTHORITATIVE_MATCH,READY_CREATE
