source_reference_id,candidate_status,product_name,source_page,source_slot,brand_id,canonical_brand_name,category_id,category_label,sale_price_cop,image_sha256,catalog_audit_review_reasons,supplier_evidence_status,current_identity_group_size,proposal,confidence,reasons,requires_human_approval,business_line
CATV1-P011-R1L,REVIEW_REQUIRED,SHAMPOO ROMERO,11,R1L,57bbddd8-dfe8-44db-b492-158e4a50894b,La Receta CBD,,,51000,8ccce9904b7e57dbe9db8b0380c23533386d8b8cecc43a381a2ce79fcca97a7a,BRAND_NAME_UNRESOLVED,SUPPLIER_AMBIGUOUS_NAME_ONLY,1,APPROVE_CREATE,92,"[""CANONICAL_TAXONOMY_NOW_RESOLVES_BRAND_OR_CONTEXT"", ""UNIQUE_CURRENT_IDENTITY"", ""ORIGINAL_AUDIT_BRAND_FLAG_OBSOLETED_BY_TAXONOMY_REVIEW""]",True,BEAUTY_CARE
CATV1-P011-R1R,REVIEW_REQUIRED,SHAMPOO ARGAN,11,R1R,57bbddd8-dfe8-44db-b492-158e4a50894b,La Receta CBD,,,41000,307211268d350970a7d1245ec271211dbc90ce40b383a5eb418b6bded80d343a,BRAND_NAME_UNRESOLVED,NO_SUPPLIER_EXACT,1,APPROVE_CREATE,92,"[""CANONICAL_TAXONOMY_NOW_RESOLVES_BRAND_OR_CONTEXT"", ""UNIQUE_CURRENT_IDENTITY"", ""ORIGINAL_AUDIT_BRAND_FLAG_OBSOLETED_BY_TAXONOMY_REVIEW""]",True,BEAUTY_CARE
CATV1-P011-R2L,REVIEW_REQUIRED,ACONDICIONADOR NUEVO,11,R2L,57bbddd8-dfe8-44db-b492-158e4a50894b,La Receta CBD,,,51000,2848c574adbcba94f5d4662708e162c88b9cdd5354d21fac4fb7777f59bec420,BRAND_NAME_UNRESOLVED,NO_SUPPLIER_EXACT,1,APPROVE_CREATE,92,"[""CANONICAL_TAXONOMY_NOW_RESOLVES_BRAND_OR_CONTEXT"", ""UNIQUE_CURRENT_IDENTITY"", ""ORIGINAL_AUDIT_BRAND_FLAG_OBSOLETED_BY_TAXONOMY_REVIEW""]",True,BEAUTY_CARE
CATV1-P011-R2R,REVIEW_REQUIRED,SHAMPOO ANTICASPA,11,R2R,57bbddd8-dfe8-44db-b492-158e4a50894b,La Receta CBD,,,51000,c78df799d5e460cd6dea90f3a2ffd9152c31c0699b7653a91aba3ffacbaec724,BRAND_NAME_UNRESOLVED,NO_SUPPLIER_EXACT,1,APPROVE_CREATE,92,"[""CANONICAL_TAXONOMY_NOW_RESOLVES_BRAND_OR_CONTEXT"", ""UNIQUE_CURRENT_IDENTITY"", ""ORIGINAL_AUDIT_BRAND_FLAG_OBSOLETED_BY_TAXONOMY_REVIEW""]",True,BEAUTY_CARE
CATV1-P011-R3L,REVIEW_REQUIRED,GOTAS CBD,11,R3L,57bbddd8-dfe8-44db-b492-158e4a50894b,La Receta CBD,,,36000,290324bf5d500a4ba04638973d85b64f2be244e34b91eb0a833a2d6cb6ac0371,BRAND_NAME_UNRESOLVED,SUPPLIER_NAME_ONLY,1,APPROVE_CREATE,92,"[""CANONICAL_TAXONOMY_NOW_RESOLVES_BRAND_OR_CONTEXT"", ""UNIQUE_CURRENT_IDENTITY"", ""ORIGINAL_AUDIT_BRAND_FLAG_OBSOLETED_BY_TAXONOMY_REVIEW""]",True,BEAUTY_CARE
CATV1-P011-R3R,REVIEW_REQUIRED,TONICO ANTICAIDA,11,R3R,57bbddd8-dfe8-44db-b492-158e4a50894b,La Receta CBD,,,51000,bfe56039331447140e4fb34f9bd79ba65f9d4c204d66e057cb840fe288a65f3c,BRAND_NAME_UNRESOLVED,NO_SUPPLIER_EXACT,1,APPROVE_CREATE,92,"[""CANONICAL_TAXONOMY_NOW_RESOLVES_BRAND_OR_CONTEXT"", ""UNIQUE_CURRENT_IDENTITY"", ""ORIGINAL_AUDIT_BRAND_FLAG_OBSOLETED_BY_TAXONOMY_REVIEW""]",True,BEAUTY_CARE
CATV1-P012-R1L,REVIEW_REQUIRED,EXFOLIANTE CAPILAR,12,R1L,57bbddd8-dfe8-44db-b492-158e4a50894b,La Receta CBD,,,66000,2fc027150227f2c79879a76a50e5b98811edd052ff22c14ada37d2d37e2d687f,BRAND_NAME_UNRESOLVED,SUPPLIER_NAME_ONLY,1,APPROVE_CREATE,92,"[""CANONICAL_TAXONOMY_NOW_RESOLVES_BRAND_OR_CONTEXT"", ""UNIQUE_CURRENT_IDENTITY"", ""ORIGINAL_AUDIT_BRAND_FLAG_OBSOLETED_BY_TAXONOMY_REVIEW""]",True,BEAUTY_CARE
CATV1-P014-R1L,REVIEW_REQUIRED,BRONCEADOR ZANAHORIA,14,R1L,03a73a7c-1a85-4429-b459-c68ad93c9664,D'Luchi,,,46000,21e454637dc6e8cb2c608b04f040f82c11b6e16821d2587d64b6b5ac4e313f83,BRAND_NAME_UNRESOLVED,NO_SUPPLIER_EXACT,1,APPROVE_CREATE,92,"[""CANONICAL_TAXONOMY_NOW_RESOLVES_BRAND_OR_CONTEXT"", ""UNIQUE_CURRENT_IDENTITY"", ""ORIGINAL_AUDIT_BRAND_FLAG_OBSOLETED_BY_TAXONOMY_REVIEW""]",True,BEAUTY_CARE
CATV1-P014-R1R,REVIEW_REQUIRED,BRONCEADOR COCO,14,R1R,03a73a7c-1a85-4429-b459-c68ad93c9664,D'Luchi,,,46000,798df4f214568d7ea19c358aab58aebf9efa56a1c7ef403eabb60555858d5814,BRAND_NAME_UNRESOLVED,NO_SUPPLIER_EXACT,1,APPROVE_CREATE,92,"[""CANONICAL_TAXONOMY_NOW_RESOLVES_BRAND_OR_CONTEXT"", ""UNIQUE_CURRENT_IDENTITY"", ""ORIGINAL_AUDIT_BRAND_FLAG_OBSOLETED_BY_TAXONOMY_REVIEW""]",True,BEAUTY_CARE
CATV1-P014-R2L,REVIEW_REQUIRED,LOCION DE ORO,14,R2L,03a73a7c-1a85-4429-b459-c68ad93c9664,D'Luchi,,,16000,7c5f45e722cef477cf4c62d2bf5d1a29ff9c91d89eb43efcdf76861e38c009ff,BRAND_NAME_UNRESOLVED,NO_SUPPLIER_EXACT,1,APPROVE_CREATE,92,"[""CANONICAL_TAXONOMY_NOW_RESOLVES_BRAND_OR_CONTEXT"", ""UNIQUE_CURRENT_IDENTITY"", ""ORIGINAL_AUDIT_BRAND_FLAG_OBSOLETED_BY_TAXONOMY_REVIEW""]",True,BEAUTY_CARE
CATV1-P014-R2R,REVIEW_REQUIRED,MANTEQUILLA CORPORAL,14,R2R,03a73a7c-1a85-4429-b459-c68ad93c9664,D'Luchi,,,51000,3923a45ec2bcbf7638db45772081c19258431209f1d42d0bde798cd685762de9,BRAND_NAME_UNRESOLVED,SUPPLIER_NAME_ONLY,1,APPROVE_CREATE,92,"[""CANONICAL_TAXONOMY_NOW_RESOLVES_BRAND_OR_CONTEXT"", ""UNIQUE_CURRENT_IDENTITY"", ""ORIGINAL_AUDIT_BRAND_FLAG_OBSOLETED_BY_TAXONOMY_REVIEW""]",True,BEAUTY_CARE
CATV1-P014-R3L,REVIEW_REQUIRED,GEL DE ALOE VERA,14,R3L,03a73a7c-1a85-4429-b459-c68ad93c9664,D'Luchi,,,51000,05efd58a869e7975f046361145c4ba39b3774da981a8893ded77a5eb38497739,BRAND_NAME_UNRESOLVED,NO_SUPPLIER_EXACT,1,APPROVE_CREATE,92,"[""CANONICAL_TAXONOMY_NOW_RESOLVES_BRAND_OR_CONTEXT"", ""UNIQUE_CURRENT_IDENTITY"", ""ORIGINAL_AUDIT_BRAND_FLAG_OBSOLETED_BY_TAXONOMY_REVIEW""]",True,BEAUTY_CARE
CATV1-P014-R3R,REVIEW_REQUIRED,BRONCEADOR EN GEL,14,R3R,03a73a7c-1a85-4429-b459-c68ad93c9664,D'Luchi,,,51000,54fc84ba0553539c26ce535f6579fb090b94d878d9dc5176910df4937afea82a,BRAND_NAME_UNRESOLVED,NO_SUPPLIER_EXACT,1,APPROVE_CREATE,92,"[""CANONICAL_TAXONOMY_NOW_RESOLVES_BRAND_OR_CONTEXT"", ""UNIQUE_CURRENT_IDENTITY"", ""ORIGINAL_AUDIT_BRAND_FLAG_OBSOLETED_BY_TAXONOMY_REVIEW""]",True,BEAUTY_CARE
CATV1-P015-R1L,REVIEW_REQUIRED,FRESHING POP,15,R1L,03a73a7c-1a85-4429-b459-c68ad93c9664,D'Luchi,,,51000,f8e87d7d5073f3fdcab9435b8bce3b435505091d294b4da7ab3dcc67e7f4d7cc,BRAND_NAME_UNRESOLVED,SUPPLIER_NAME_ONLY,1,APPROVE_CREATE,92,"[""CANONICAL_TAXONOMY_NOW_RESOLVES_BRAND_OR_CONTEXT"", ""UNIQUE_CURRENT_IDENTITY"", ""ORIGINAL_AUDIT_BRAND_FLAG_OBSOLETED_BY_TAXONOMY_REVIEW""]",True,BEAUTY_CARE
CATV1-P015-R1R,REVIEW_REQUIRED,AUTOBRONCEADOR,15,R1R,03a73a7c-1a85-4429-b459-c68ad93c9664,D'Luchi,,,56000,28fd233f865189e6ef1743a55aef146779a5cbb69744bf47048a472ae9195907,BRAND_NAME_UNRESOLVED,NO_SUPPLIER_EXACT,1,APPROVE_CREATE,92,"[""CANONICAL_TAXONOMY_NOW_RESOLVES_BRAND_OR_CONTEXT"", ""UNIQUE_CURRENT_IDENTITY"", ""ORIGINAL_AUDIT_BRAND_FLAG_OBSOLETED_BY_TAXONOMY_REVIEW""]",True,BEAUTY_CARE
CATV1-P015-R2L,REVIEW_REQUIRED,BLOQUEADOR,15,R2L,03a73a7c-1a85-4429-b459-c68ad93c9664,D'Luchi,,,56000,0c05df2418e1391a4b58ce5fb71088f1308ad7e74374fba2e2089e044191802f,BRAND_NAME_UNRESOLVED,NO_SUPPLIER_EXACT,1,APPROVE_CREATE,92,"[""CANONICAL_TAXONOMY_NOW_RESOLVES_BRAND_OR_CONTEXT"", ""UNIQUE_CURRENT_IDENTITY"", ""ORIGINAL_AUDIT_BRAND_FLAG_OBSOLETED_BY_TAXONOMY_REVIEW""]",True,BEAUTY_CARE
CATV1-P015-R2R,REVIEW_REQUIRED,BRONCEADOR DE CHOCOLATE Y MIEL,15,R2R,03a73a7c-1a85-4429-b459-c68ad93c9664,D'Luchi,,,61000,cf10f2c64cd311475e87c266ca77e4fa9e21181f6ecd5fdffc5659dcece311a4,BRAND_NAME_UNRESOLVED,NO_SUPPLIER_EXACT,1,APPROVE_CREATE,92,"[""CANONICAL_TAXONOMY_NOW_RESOLVES_BRAND_OR_CONTEXT"", ""UNIQUE_CURRENT_IDENTITY"", ""ORIGINAL_AUDIT_BRAND_FLAG_OBSOLETED_BY_TAXONOMY_REVIEW""]",True,BEAUTY_CARE
CATV1-P015-R3L,REVIEW_REQUIRED,BRONCEADOR AUTOBRONCEADORA,15,R3L,03a73a7c-1a85-4429-b459-c68ad93c9664,D'Luchi,,,71000,faf866a560417a35f0c182423dd8cff548b59b91ee237747eef6f44ea3f31990,BRAND_NAME_UNRESOLVED,NO_SUPPLIER_EXACT,1,APPROVE_CREATE,92,"[""CANONICAL_TAXONOMY_NOW_RESOLVES_BRAND_OR_CONTEXT"", ""UNIQUE_CURRENT_IDENTITY"", ""ORIGINAL_AUDIT_BRAND_FLAG_OBSOLETED_BY_TAXONOMY_REVIEW""]",True,BEAUTY_CARE
CATV1-P025-R2L,CONFLICT,PROFESIONAL LISO EN CASA,25,R2L,93f65203-1aaf-405d-9c6d-9e4c46b9b936,Anyeluz,,,71000,25b5a1fd4b40c39f1d7a39599ec696258a64259d930ca5e3b6facac7e8539f82,,NO_SUPPLIER_EXACT,2,WAIT_IDENTITY_RESOLUTION,100,"[""CURRENT_MULTI_MEMBER_IDENTITY_GROUP_REQUIRES_GROUP_RESOLUTION_FIRST""]",True,BEAUTY_CARE
CATV1-P025-R2R,CONFLICT,PROFESIONAL LISO EN CASA,25,R2R,93f65203-1aaf-405d-9c6d-9e4c46b9b936,Anyeluz,,,71000,fd0601bab61f16fdf6db1dfb7cca9a3c426668f314eed48fa4e250609bca74c8,,NO_SUPPLIER_EXACT,2,WAIT_IDENTITY_RESOLUTION,100,"[""CURRENT_MULTI_MEMBER_IDENTITY_GROUP_REQUIRES_GROUP_RESOLUTION_FIRST""]",True,BEAUTY_CARE
CATV1-P027-R3R,CONFLICT,TRATA. FRUTAS,27,R3R,7d7ace64-4b5a-46ff-99e8-ffe658fe617f,Milagros,,,37900,75a893c16e7c81bee0d0028cadae7e10804cb70b001c85aaf86a1dc8388cbed2,,NO_SUPPLIER_EXACT,2,WAIT_IDENTITY_RESOLUTION,100,"[""CURRENT_MULTI_MEMBER_IDENTITY_GROUP_REQUIRES_GROUP_RESOLUTION_FIRST""]",True,BEAUTY_CARE
CATV1-P028-R1L,CONFLICT,SHAMPOO EMERGENCIA,28,R1L,7d7ace64-4b5a-46ff-99e8-ffe658fe617f,Milagros,,,36900,19f4bd3484097bba626b93bd9156d059c90362c66f87831783edd078510c601a,,NO_SUPPLIER_EXACT,2,WAIT_IDENTITY_RESOLUTION,100,"[""CURRENT_MULTI_MEMBER_IDENTITY_GROUP_REQUIRES_GROUP_RESOLUTION_FIRST""]",True,BEAUTY_CARE
CATV1-P028-R3R,CONFLICT,SHAMPOO BIOREPO,28,R3R,7d7ace64-4b5a-46ff-99e8-ffe658fe617f,Milagros,,,36900,f917ae7b7949f2efb13eb0a647480658d8d26ee8902acd60d629b581f2a4ef7d,,NO_SUPPLIER_EXACT,2,WAIT_IDENTITY_RESOLUTION,100,"[""CURRENT_MULTI_MEMBER_IDENTITY_GROUP_REQUIRES_GROUP_RESOLUTION_FIRST""]",True,BEAUTY_CARE
CATV1-P029-R2L,CONFLICT,SERUM MILAGROS,29,R2L,7d7ace64-4b5a-46ff-99e8-ffe658fe617f,Milagros,,,37000,a0d8dd8c3c03136abf5951b89a9a76a6d404e38dca0bbb6df81087344e5a0b27,,NO_SUPPLIER_EXACT,2,WAIT_IDENTITY_RESOLUTION,100,"[""CURRENT_MULTI_MEMBER_IDENTITY_GROUP_REQUIRES_GROUP_RESOLUTION_FIRST""]",True,BEAUTY_CARE
CATV1-P029-R3R,CONFLICT,ACONDI HERBAL,29,R3R,7d7ace64-4b5a-46ff-99e8-ffe658fe617f,Milagros,,,37900,1f9fecfbacf58afe1e457162b70a934cec9ed796bce90717aede70ab91fb91cd,,SUPPLIER_NAME_ONLY,2,WAIT_IDENTITY_RESOLUTION,100,"[""CURRENT_MULTI_MEMBER_IDENTITY_GROUP_REQUIRES_GROUP_RESOLUTION_FIRST""]",True,BEAUTY_CARE
CATV1-P032-R3R,CONFLICT,SERUM MILAGROS,32,R3R,7d7ace64-4b5a-46ff-99e8-ffe658fe617f,Milagros,,,47000,fa5e440bbed40a5095a7b0b2c9426f1817f0caefb753ac772844862159859489,,NO_SUPPLIER_EXACT,2,WAIT_IDENTITY_RESOLUTION,100,"[""CURRENT_MULTI_MEMBER_IDENTITY_GROUP_REQUIRES_GROUP_RESOLUTION_FIRST""]",True,BEAUTY_CARE
CATV1-P033-R1R,CONFLICT,ACONDI CEBOLLA,33,R1R,7d7ace64-4b5a-46ff-99e8-ffe658fe617f,Milagros,,,37900,58571a350d02e52e012436d83967d069148c6bce3516c329f52a081c6d6ec989,,NO_SUPPLIER_EXACT,2,WAIT_IDENTITY_RESOLUTION,100,"[""CURRENT_MULTI_MEMBER_IDENTITY_GROUP_REQUIRES_GROUP_RESOLUTION_FIRST""]",True,BEAUTY_CARE
CATV1-P034-R2R,CONFLICT,ACONDI CEBOLLA,34,R2R,7d7ace64-4b5a-46ff-99e8-ffe658fe617f,Milagros,,,16000,3055220c277497c8b39d435bb335a4f42cba90c56f7c25715bd3c1cf2934e5a1,,NO_SUPPLIER_EXACT,2,WAIT_IDENTITY_RESOLUTION,100,"[""CURRENT_MULTI_MEMBER_IDENTITY_GROUP_REQUIRES_GROUP_RESOLUTION_FIRST""]",True,BEAUTY_CARE
CATV1-P034-R3L,CONFLICT,ACONDI HERBAL,34,R3L,7d7ace64-4b5a-46ff-99e8-ffe658fe617f,Milagros,,,16000,6110dade6f28b3ba29fc9fa79a7614ee70169c121e0045559ade97c81b41c9b7,,SUPPLIER_NAME_ONLY,2,WAIT_IDENTITY_RESOLUTION,100,"[""CURRENT_MULTI_MEMBER_IDENTITY_GROUP_REQUIRES_GROUP_RESOLUTION_FIRST""]",True,BEAUTY_CARE
CATV1-P034-R3R,CONFLICT,SHAMPOO EMERGENCIA,34,R3R,7d7ace64-4b5a-46ff-99e8-ffe658fe617f,Milagros,,,16000,8cb2d2656fc5a31cccca9a15a2c35a02e263622fbdd9a657fe580f9ae216fd78,,NO_SUPPLIER_EXACT,2,WAIT_IDENTITY_RESOLUTION,100,"[""CURRENT_MULTI_MEMBER_IDENTITY_GROUP_REQUIRES_GROUP_RESOLUTION_FIRST""]",True,BEAUTY_CARE
CATV1-P035-R1L,CONFLICT,TRATA. FRUTAS,35,R1L,7d7ace64-4b5a-46ff-99e8-ffe658fe617f,Milagros,,,16000,61cb74fb752d053ef038ab51cf3577a61956a5dbe5e64453d61219b77cd18d9d,,NO_SUPPLIER_EXACT,2,WAIT_IDENTITY_RESOLUTION,100,"[""CURRENT_MULTI_MEMBER_IDENTITY_GROUP_REQUIRES_GROUP_RESOLUTION_FIRST""]",True,BEAUTY_CARE
CATV1-P035-R1R,CONFLICT,SHAMPOO BIOREPO,35,R1R,7d7ace64-4b5a-46ff-99e8-ffe658fe617f,Milagros,,,36900,9b18c88064ea410d772e1332e6441764e6ce6223dcdc6d24a69e92d02c753444,,NO_SUPPLIER_EXACT,2,WAIT_IDENTITY_RESOLUTION,100,"[""CURRENT_MULTI_MEMBER_IDENTITY_GROUP_REQUIRES_GROUP_RESOLUTION_FIRST""]",True,BEAUTY_CARE
CATV1-P037-R1L,REVIEW_REQUIRED,SHAMPOO MIEL,37,R1L,7bcd850b-f2c6-447e-8b80-bb0796deb9df,Click Hair,,,47000,76227161fc14de8bbeb8e0bd885bdb58d0d53cba9d9c0d4177078971d234280f,PRICE_OVERLAY_DETECTED,SUPPLIER_NAME_ONLY,1,APPROVE_CREATE,95,"[""VISIBLE_FINAL_PRICE_IS_CANONICAL_AUTHORITY"", ""UNIQUE_CURRENT_IDENTITY"", ""HIDDEN_PRICE_NOT_PUBLIC_SALE_PRICE""]",True,BEAUTY_CARE
CATV1-P037-R2L,REVIEW_REQUIRED,MASCARILLA MIEL,37,R2L,7bcd850b-f2c6-447e-8b80-bb0796deb9df,Click Hair,,,52900,819be1abcaa172865eab8ac0349def6a144714a1e66c54a0b11806c8f5ac4b9f,PRICE_OVERLAY_DETECTED,SUPPLIER_NAME_ONLY,1,APPROVE_CREATE,95,"[""VISIBLE_FINAL_PRICE_IS_CANONICAL_AUTHORITY"", ""UNIQUE_CURRENT_IDENTITY"", ""HIDDEN_PRICE_NOT_PUBLIC_SALE_PRICE""]",True,BEAUTY_CARE
CATV1-P039-R1L,REVIEW_REQUIRED,ACONDI CLICK,39,R1L,7bcd850b-f2c6-447e-8b80-bb0796deb9df,Click Hair,,,45900,b668f67e7c6af649b7abc1630d500aa806ce33cdbf6b285b78296140eca73078,PRICE_OVERLAY_DETECTED,SUPPLIER_NAME_ONLY,1,APPROVE_CREATE,95,"[""VISIBLE_FINAL_PRICE_IS_CANONICAL_AUTHORITY"", ""UNIQUE_CURRENT_IDENTITY"", ""HIDDEN_PRICE_NOT_PUBLIC_SALE_PRICE""]",True,BEAUTY_CARE
CATV1-P040-R1R,REVIEW_REQUIRED,ACONDI MIEL,40,R1R,7bcd850b-f2c6-447e-8b80-bb0796deb9df,Click Hair,,,45900,07b957818f0c0ce588550c549ba43d72933197f23445b3673d566dd656cbe354,PRICE_OVERLAY_DETECTED,NO_SUPPLIER_EXACT,1,APPROVE_CREATE,95,"[""VISIBLE_FINAL_PRICE_IS_CANONICAL_AUTHORITY"", ""UNIQUE_CURRENT_IDENTITY"", ""HIDDEN_PRICE_NOT_PUBLIC_SALE_PRICE""]",True,BEAUTY_CARE
CATV1-P040-R2L,REVIEW_REQUIRED,PERFUME MASHMELLOW,40,R2L,7bcd850b-f2c6-447e-8b80-bb0796deb9df,Click Hair,,,60900,0ca99cede5f6d2c292d090942c776c6a9f7729e47fe8dc774817dbd7f0e11650,PRICE_OVERLAY_DETECTED,NO_SUPPLIER_EXACT,1,APPROVE_CREATE,95,"[""VISIBLE_FINAL_PRICE_IS_CANONICAL_AUTHORITY"", ""UNIQUE_CURRENT_IDENTITY"", ""HIDDEN_PRICE_NOT_PUBLIC_SALE_PRICE""]",True,BEAUTY_CARE
CATV1-P063-R3L,CONFLICT,PERFUME CAPILAR,63,R3L,97dfff9f-d633-42b5-b01b-b5cf608440cf,Leche Pal Pelo,,,25000,b83f284370682ead4caa0a64dfe65218d3eb5ab2656a42c16dc610461a9f30fa,,SUPPLIER_NAME_ONLY,2,WAIT_IDENTITY_RESOLUTION,100,"[""CURRENT_MULTI_MEMBER_IDENTITY_GROUP_REQUIRES_GROUP_RESOLUTION_FIRST""]",True,BEAUTY_CARE
CATV1-P063-R3R,CONFLICT,PERFUME CAPILAR,63,R3R,97dfff9f-d633-42b5-b01b-b5cf608440cf,Leche Pal Pelo,,,25000,c813317b64db5f8bd1d419c33b8aaf032cbc9ac13478d4daa2cfc1299c220e69,,SUPPLIER_NAME_ONLY,2,WAIT_IDENTITY_RESOLUTION,100,"[""CURRENT_MULTI_MEMBER_IDENTITY_GROUP_REQUIRES_GROUP_RESOLUTION_FIRST""]",True,BEAUTY_CARE
CATV1-P073-R2R,CONFLICT,PRINCESAS,73,R2R,0d5fd0dc-2e4c-4e77-bb0a-879997df316d,Cosmos,,,33000,03a5ca7d982e6fec3d3fc52b6b46bc96cfd5df7548ff371114082290e25ed010,,NO_SUPPLIER_EXACT,4,WAIT_IDENTITY_RESOLUTION,100,"[""CURRENT_MULTI_MEMBER_IDENTITY_GROUP_REQUIRES_GROUP_RESOLUTION_FIRST""]",True,BEAUTY_CARE
CATV1-P073-R3L,CONFLICT,PRINCESAS,73,R3L,0d5fd0dc-2e4c-4e77-bb0a-879997df316d,Cosmos,,,39000,cc387f7e227e305d192df69c89b849d546f343d8fadc01f2d10e6d752fdd0180,,NO_SUPPLIER_EXACT,4,WAIT_IDENTITY_RESOLUTION,100,"[""CURRENT_MULTI_MEMBER_IDENTITY_GROUP_REQUIRES_GROUP_RESOLUTION_FIRST""]",True,BEAUTY_CARE
CATV1-P073-R3R,CONFLICT,PRINCESAS,73,R3R,0d5fd0dc-2e4c-4e77-bb0a-879997df316d,Cosmos,,,34000,4f0fdd4eba30b23c7f5dbf3fce86fbbb85a69e05ff3e7b8f2d246e329eb19801,,NO_SUPPLIER_EXACT,4,WAIT_IDENTITY_RESOLUTION,100,"[""CURRENT_MULTI_MEMBER_IDENTITY_GROUP_REQUIRES_GROUP_RESOLUTION_FIRST""]",True,BEAUTY_CARE
CATV1-P074-R1L,CONFLICT,PRINCESAS,74,R1L,0d5fd0dc-2e4c-4e77-bb0a-879997df316d,Cosmos,,,34000,76c181428cc80c33760a1cc4d145f41de72df59e226266f2310dec00981cf7ca,,NO_SUPPLIER_EXACT,4,WAIT_IDENTITY_RESOLUTION,100,"[""CURRENT_MULTI_MEMBER_IDENTITY_GROUP_REQUIRES_GROUP_RESOLUTION_FIRST""]",True,BEAUTY_CARE
CATV1-P074-R2L,REVIEW_REQUIRED,AIROMAN,74,R2L,0d5fd0dc-2e4c-4e77-bb0a-879997df316d,Cosmos,,,34000,79a2b58e104944bfe35b9eea1f017aa0d33bd20bec62c700dd3e82fa17f3ef54,PRICE_OVERLAY_DETECTED,NO_SUPPLIER_EXACT,1,APPROVE_CREATE,95,"[""VISIBLE_FINAL_PRICE_IS_CANONICAL_AUTHORITY"", ""UNIQUE_CURRENT_IDENTITY"", ""HIDDEN_PRICE_NOT_PUBLIC_SALE_PRICE""]",True,BEAUTY_CARE
CATV1-P080-R2L,REVIEW_REQUIRED,EXFOLIANTE AZUCAR CORPORAL,80,R2L,f0192f46-e80f-42fb-b788-3c1c8b9aa18c,Vive Beauty,,,39000,2a87f8a6bdc5f577b4aa9863ddd94f6cfa366229a4a5b7e605921b0831542bd7,NAME_OVERLAY_DETECTED | PRICE_OVERLAY_DETECTED,NO_SUPPLIER_EXACT,1,APPROVE_CREATE,85,"[""VISIBLE_FINAL_NAME_AND_PRICE_ARE_CANONICAL_AUTHORITY"", ""UNIQUE_CURRENT_IDENTITY""]",True,BEAUTY_CARE
CATV1-P080-R2R,REVIEW_REQUIRED,GEL EXFOLIANTE CORPORAL,80,R2R,f0192f46-e80f-42fb-b788-3c1c8b9aa18c,Vive Beauty,,,27000,8e03e48fa3b2122d7d9bad150a8fc8eaf86b9c92991c10aa707e68b4445571b8,NAME_OVERLAY_DETECTED | PRICE_OVERLAY_DETECTED,NO_SUPPLIER_EXACT,1,APPROVE_CREATE,85,"[""VISIBLE_FINAL_NAME_AND_PRICE_ARE_CANONICAL_AUTHORITY"", ""UNIQUE_CURRENT_IDENTITY""]",True,BEAUTY_CARE
CATV1-P080-R3L,REVIEW_REQUIRED,CREMAS CORPORALES,80,R3L,f0192f46-e80f-42fb-b788-3c1c8b9aa18c,Vive Beauty,,,25000,8b1a6606a908ca957b162766a89421063a37b2fd39f985bc0c888232e681a606,NAME_OVERLAY_DETECTED | PRICE_OVERLAY_DETECTED,NO_SUPPLIER_EXACT,1,APPROVE_CREATE,85,"[""VISIBLE_FINAL_NAME_AND_PRICE_ARE_CANONICAL_AUTHORITY"", ""UNIQUE_CURRENT_IDENTITY""]",True,BEAUTY_CARE
CATV1-P087-R1R,REVIEW_REQUIRED,KIT ARRURU TAMAÑO PEQUEÑO,87,R1R,c45e4abf-2c47-4465-a5db-87f8731a87cc,Fem,,,33000,41e80ed442023a8ed1c2b4b0c83cde99f938016dd2eab960bef40cb314254f6c,NAME_OVERLAY_DETECTED,NO_SUPPLIER_EXACT,1,APPROVE_CREATE,85,"[""VISIBLE_FINAL_NAME_IS_CANONICAL_AUTHORITY"", ""UNIQUE_CURRENT_IDENTITY""]",True,BEAUTY_CARE
CATV1-P091-R1L,REVIEW_REQUIRED,KIT X3 TRULY,91,R1L,33759452-ea87-4826-b6d9-19e4821e89e0,Trully,,,41000,5fc2a8c41ede5a20b9d30e8f144e3759679e7baf795415b4a6701575719eede8,PRICE_OVERLAY_DETECTED,NO_SUPPLIER_EXACT,1,APPROVE_CREATE,95,"[""VISIBLE_FINAL_PRICE_IS_CANONICAL_AUTHORITY"", ""UNIQUE_CURRENT_IDENTITY"", ""HIDDEN_PRICE_NOT_PUBLIC_SALE_PRICE""]",True,BEAUTY_CARE
CATV1-P091-R1R,REVIEW_REQUIRED,KIT X5,91,R1R,33759452-ea87-4826-b6d9-19e4821e89e0,Trully,,,56000,0e8ec31f0d0860a15e4886e37bf6996cae320a48413886ae6dcdf1f9fd55f8b2,PRICE_OVERLAY_DETECTED,NO_SUPPLIER_EXACT,1,APPROVE_CREATE,95,"[""VISIBLE_FINAL_PRICE_IS_CANONICAL_AUTHORITY"", ""UNIQUE_CURRENT_IDENTITY"", ""HIDDEN_PRICE_NOT_PUBLIC_SALE_PRICE""]",True,BEAUTY_CARE
CATV1-P091-R2L,REVIEW_REQUIRED,TRULY SERUM Y ACEITE PEQ,91,R2L,33759452-ea87-4826-b6d9-19e4821e89e0,Trully,,,20000,b4355d615249bbd7036e38f575a9c8b506b650bcbec517073ce8b5dc2cea96b6,PRICE_OVERLAY_DETECTED,NO_SUPPLIER_EXACT,1,APPROVE_CREATE,95,"[""VISIBLE_FINAL_PRICE_IS_CANONICAL_AUTHORITY"", ""UNIQUE_CURRENT_IDENTITY"", ""HIDDEN_PRICE_NOT_PUBLIC_SALE_PRICE""]",True,BEAUTY_CARE
CATV1-P107-R2L,REVIEW_REQUIRED,SERUM AZULAICO Y HIALURONICO,107,R2L,248d2875-a9cb-45f3-850a-d28453541309,Anua,,,116000,2e856281cf4c15f06c44e138887522c6200c86d590f53f13d35f7859ae16548c,PRICE_OVERLAY_DETECTED,NO_SUPPLIER_EXACT,1,APPROVE_CREATE,95,"[""VISIBLE_FINAL_PRICE_IS_CANONICAL_AUTHORITY"", ""UNIQUE_CURRENT_IDENTITY"", ""HIDDEN_PRICE_NOT_PUBLIC_SALE_PRICE""]",True,BEAUTY_CARE
CATV1-P125-R1R,REVIEW_REQUIRED,RICE CREAM,125,R1R,14935694-a7a6-4130-846a-be0565a29c0e,Rubyskin,,,19000,0ba9f01c7dd6b4dcc509ed312a156d25214fe599ffbbcffb5cddf7604ebc75f7,PRICE_OVERLAY_DETECTED,NO_SUPPLIER_EXACT,1,APPROVE_CREATE,95,"[""VISIBLE_FINAL_PRICE_IS_CANONICAL_AUTHORITY"", ""UNIQUE_CURRENT_IDENTITY"", ""HIDDEN_PRICE_NOT_PUBLIC_SALE_PRICE""]",True,BEAUTY_CARE
CATV1-P130-R1L,REVIEW_REQUIRED,KIT VIAJERO,130,R1L,ee824908-74ce-4709-9eb3-255748302976,Girly,,,72000,cf34daa841b4c5422915f92e62fb91cde217bc7ecb72ede3d14400829efdbce9,PRICE_OVERLAY_DETECTED,NO_SUPPLIER_EXACT,1,APPROVE_CREATE,95,"[""VISIBLE_FINAL_PRICE_IS_CANONICAL_AUTHORITY"", ""UNIQUE_CURRENT_IDENTITY"", ""HIDDEN_PRICE_NOT_PUBLIC_SALE_PRICE""]",True,BEAUTY_CARE
CATV1-P136-R2L,REVIEW_REQUIRED,CEPILLO MASAJEADOR,136,R2L,,,b36e2375-b910-4030-abf2-832999885338,CEPILLOS Y ACCESORIOS PARA EL CABELLO,11000,26a502e9f54560a1232f61ceb00ddfab54e43a2d60adb75ae95a6461a7955523,PRICE_OVERLAY_DETECTED,SUPPLIER_AMBIGUOUS_NAME_ONLY,2,WAIT_IDENTITY_RESOLUTION,100,"[""CURRENT_MULTI_MEMBER_IDENTITY_GROUP_REQUIRES_GROUP_RESOLUTION_FIRST""]",True,BEAUTY_CARE
CATV1-P138-R1L,CONFLICT,MASAJEADOR CAPILAR,138,R1L,,,b36e2375-b910-4030-abf2-832999885338,CEPILLOS Y ACCESORIOS PARA EL CABELLO,13000,c39303465fb9c1b168ccc77301f9d21f6cdd8c9563584eb3c0b0a776c465f490,,SUPPLIER_NAME_ONLY,2,WAIT_IDENTITY_RESOLUTION,100,"[""CURRENT_MULTI_MEMBER_IDENTITY_GROUP_REQUIRES_GROUP_RESOLUTION_FIRST""]",True,BEAUTY_CARE
CATV1-P138-R3R,CONFLICT,CEPILLO MASAJEADOR,138,R3R,,,b36e2375-b910-4030-abf2-832999885338,CEPILLOS Y ACCESORIOS PARA EL CABELLO,13000,78d67f4d5a0bd5be4abc53b1bae36288aeea8125e1dc790c8ea5db978ca993b4,,SUPPLIER_AMBIGUOUS_NAME_ONLY,2,WAIT_IDENTITY_RESOLUTION,100,"[""CURRENT_MULTI_MEMBER_IDENTITY_GROUP_REQUIRES_GROUP_RESOLUTION_FIRST""]",True,BEAUTY_CARE
CATV1-P139-R1R,CONFLICT,DEADEMAS NUBE,139,R1R,,,b36e2375-b910-4030-abf2-832999885338,CEPILLOS Y ACCESORIOS PARA EL CABELLO,13000,b1e35e86cf0d9f2d76c40ba799b9c7170b3ee025af3b08e7019c5fae4de53c17,,NO_SUPPLIER_EXACT,1,DEFER,40,"[""RESIDUAL_CONFLICT_AFTER_TAXONOMY"", ""SAME_NORMALIZED_NAME_EXISTS_IN_DIFFERENT_CANONICAL_TAXONOMY"", ""MANUAL_CLASSIFICATION_REVIEW_REQUIRED""]",True,BEAUTY_CARE
CATV1-P140-R1L,REVIEW_REQUIRED,PINZA COREANA X,140,R1L,,,b36e2375-b910-4030-abf2-832999885338,CEPILLOS Y ACCESORIOS PARA EL CABELLO,3800,029420cc6334f37789f221cc930e4a40ed09806769ce12b15ab1a91d772332a8,PRICE_OVERLAY_DETECTED,NO_SUPPLIER_EXACT,1,APPROVE_CREATE,95,"[""VISIBLE_FINAL_PRICE_IS_CANONICAL_AUTHORITY"", ""UNIQUE_CURRENT_IDENTITY"", ""HIDDEN_PRICE_NOT_PUBLIC_SALE_PRICE""]",True,BEAUTY_CARE
CATV1-P140-R1R,CONFLICT,PINZA COREANA,140,R1R,,,b36e2375-b910-4030-abf2-832999885338,CEPILLOS Y ACCESORIOS PARA EL CABELLO,6000,f75b49e377b8700132e336ec7a3cbaf38cdd4951fce729a92931eabd13ea963f,,NO_SUPPLIER_EXACT,2,WAIT_IDENTITY_RESOLUTION,100,"[""CURRENT_MULTI_MEMBER_IDENTITY_GROUP_REQUIRES_GROUP_RESOLUTION_FIRST""]",True,BEAUTY_CARE
CATV1-P141-R1L,CONFLICT,PINZA COREANA,141,R1L,,,b36e2375-b910-4030-abf2-832999885338,CEPILLOS Y ACCESORIOS PARA EL CABELLO,6000,d966ea5568e8ed81888b1c737eacc083cce575dc4d850f3f4518bacc7e817656,,NO_SUPPLIER_EXACT,2,WAIT_IDENTITY_RESOLUTION,100,"[""CURRENT_MULTI_MEMBER_IDENTITY_GROUP_REQUIRES_GROUP_RESOLUTION_FIRST""]",True,BEAUTY_CARE
CATV1-P141-R1R,REVIEW_REQUIRED,PINZA CORENANA X,141,R1R,,,b36e2375-b910-4030-abf2-832999885338,CEPILLOS Y ACCESORIOS PARA EL CABELLO,8000,efb6e53e598efdd888db8699347f633e374083cc3b665afefce3a0d76d82c3ec,PRICE_OVERLAY_DETECTED,NO_SUPPLIER_EXACT,1,APPROVE_CREATE,95,"[""VISIBLE_FINAL_PRICE_IS_CANONICAL_AUTHORITY"", ""UNIQUE_CURRENT_IDENTITY"", ""HIDDEN_PRICE_NOT_PUBLIC_SALE_PRICE""]",True,BEAUTY_CARE
CATV1-P141-R2R,CONFLICT,MASAJEADOR CAPILAR,141,R2R,,,b36e2375-b910-4030-abf2-832999885338,CEPILLOS Y ACCESORIOS PARA EL CABELLO,13000,09b193515136b9ce3213e2c7939d9ee0f1358ed7497c56af1defc2632d2bcf8a,,SUPPLIER_NAME_ONLY,2,WAIT_IDENTITY_RESOLUTION,100,"[""CURRENT_MULTI_MEMBER_IDENTITY_GROUP_REQUIRES_GROUP_RESOLUTION_FIRST""]",True,BEAUTY_CARE
CATV1-P141-R3R,CONFLICT,GANCHO FLOR HAWAIANA,141,R3R,,,b36e2375-b910-4030-abf2-832999885338,CEPILLOS Y ACCESORIOS PARA EL CABELLO,7000,7f34459a69e931f84e0144cfe83b572c5be7bb7ed8522f5e48fb7d96ca81853a,,SUPPLIER_NAME_ONLY,2,WAIT_IDENTITY_RESOLUTION,100,"[""CURRENT_MULTI_MEMBER_IDENTITY_GROUP_REQUIRES_GROUP_RESOLUTION_FIRST""]",True,BEAUTY_CARE
CATV1-P142-R1R,CONFLICT,GANCHO FLOR HAWAIANA,142,R1R,,,b36e2375-b910-4030-abf2-832999885338,CEPILLOS Y ACCESORIOS PARA EL CABELLO,7000,e8513e5b43306e505900f0da9b49d1da0e98fa11053c2962e782148a0c2348b6,,SUPPLIER_NAME_ONLY,2,WAIT_IDENTITY_RESOLUTION,100,"[""CURRENT_MULTI_MEMBER_IDENTITY_GROUP_REQUIRES_GROUP_RESOLUTION_FIRST""]",True,BEAUTY_CARE
CATV1-P144-R1L,CONFLICT,RUBOR OG YESS QUEEN,144,R1L,4ef7e563-2744-446c-804d-7fc5952ec59a,Outdoor Girl,,,41000,24da711148989ae3490d7d8ffe19b8c2c97326ec40c2be0bd87912c2df5d948f,,NO_SUPPLIER_EXACT,2,WAIT_IDENTITY_RESOLUTION,100,"[""CURRENT_MULTI_MEMBER_IDENTITY_GROUP_REQUIRES_GROUP_RESOLUTION_FIRST""]",True,BEAUTY_CARE
CATV1-P144-R1R,CONFLICT,RUBOR OG YESS QUEEN,144,R1R,4ef7e563-2744-446c-804d-7fc5952ec59a,Outdoor Girl,,,36000,87167d3d8985887c403e11cb5dbbdaf5204369ae2588d2e0d3f9e345c3388423,,NO_SUPPLIER_EXACT,2,WAIT_IDENTITY_RESOLUTION,100,"[""CURRENT_MULTI_MEMBER_IDENTITY_GROUP_REQUIRES_GROUP_RESOLUTION_FIRST""]",True,BEAUTY_CARE
CATV1-P145-R3L,CONFLICT,BASE MATTE OG,145,R3L,4ef7e563-2744-446c-804d-7fc5952ec59a,Outdoor Girl,,,49000,67108e70ffa80413d1273a1250ccff4ea2b7464599a7f6cc64dfdf638910d826,,NO_SUPPLIER_EXACT,2,WAIT_IDENTITY_RESOLUTION,100,"[""CURRENT_MULTI_MEMBER_IDENTITY_GROUP_REQUIRES_GROUP_RESOLUTION_FIRST""]",True,BEAUTY_CARE
CATV1-P146-R1L,CONFLICT,BASE MATTE OG,146,R1L,4ef7e563-2744-446c-804d-7fc5952ec59a,Outdoor Girl,,,36000,f727da2c1fa0e47b1f4772b4f973e42824045b2254236d6a80967c3146964f23,,NO_SUPPLIER_EXACT,2,WAIT_IDENTITY_RESOLUTION,100,"[""CURRENT_MULTI_MEMBER_IDENTITY_GROUP_REQUIRES_GROUP_RESOLUTION_FIRST""]",True,BEAUTY_CARE
CATV1-P146-R1R,CONFLICT,LABIAL PUREGLOW OG,146,R1R,4ef7e563-2744-446c-804d-7fc5952ec59a,Outdoor Girl,,,36000,9421436f7c10329b4faa1bc8f538feed5a142fed9628be195bcb9714aa4d6894,,NO_SUPPLIER_EXACT,2,WAIT_IDENTITY_RESOLUTION,100,"[""CURRENT_MULTI_MEMBER_IDENTITY_GROUP_REQUIRES_GROUP_RESOLUTION_FIRST""]",True,BEAUTY_CARE
CATV1-P146-R2L,CONFLICT,LABIAL PUREGLOW OG,146,R2L,4ef7e563-2744-446c-804d-7fc5952ec59a,Outdoor Girl,,,36000,77b4e12fccccc73417f4b9ac32cb0dede46eec1e8b13a099cc5b19c6845b5313,,NO_SUPPLIER_EXACT,2,WAIT_IDENTITY_RESOLUTION,100,"[""CURRENT_MULTI_MEMBER_IDENTITY_GROUP_REQUIRES_GROUP_RESOLUTION_FIRST""]",True,BEAUTY_CARE
CATV1-P150-R1R,CONFLICT,LIP GLOSS,150,R1R,340fb06e-fd22-49ec-a967-359e83aa939b,Destiny by La Segura,,,31000,6e53701707fa1a5a049cd1edd723d049480de87b08f74dcfe6b74e749324fbdf,,NO_SUPPLIER_EXACT,3,WAIT_IDENTITY_RESOLUTION,100,"[""CURRENT_MULTI_MEMBER_IDENTITY_GROUP_REQUIRES_GROUP_RESOLUTION_FIRST""]",True,BEAUTY_CARE
CATV1-P150-R2L,REVIEW_REQUIRED,TROPICAL LUST,150,R2L,340fb06e-fd22-49ec-a967-359e83aa939b,Destiny by La Segura,,,31000,2f912e8ad33b9fab3dc9ad0242ae98a78db328f0f4e799ea56488d7c1489d451,PRICE_OVERLAY_DETECTED,NO_SUPPLIER_EXACT,1,APPROVE_CREATE,95,"[""VISIBLE_FINAL_PRICE_IS_CANONICAL_AUTHORITY"", ""UNIQUE_CURRENT_IDENTITY"", ""HIDDEN_PRICE_NOT_PUBLIC_SALE_PRICE""]",True,BEAUTY_CARE
CATV1-P150-R3L,CONFLICT,LIP GLOSS,150,R3L,340fb06e-fd22-49ec-a967-359e83aa939b,Destiny by La Segura,,,31000,f9cec1aa5227a7e0299c3f89296e0aeadbc54f96f884063a1c7f5b178d2072d9,,NO_SUPPLIER_EXACT,3,WAIT_IDENTITY_RESOLUTION,100,"[""CURRENT_MULTI_MEMBER_IDENTITY_GROUP_REQUIRES_GROUP_RESOLUTION_FIRST""]",True,BEAUTY_CARE
CATV1-P150-R3R,REVIEW_REQUIRED,BERRY FONDUE,150,R3R,340fb06e-fd22-49ec-a967-359e83aa939b,Destiny by La Segura,,,31000,47d9ad00776c057aa3c32722028ae1b14c77edf43d4a9d6389752d652e991e74,PRICE_OVERLAY_DETECTED,NO_SUPPLIER_EXACT,2,WAIT_IDENTITY_RESOLUTION,100,"[""CURRENT_MULTI_MEMBER_IDENTITY_GROUP_REQUIRES_GROUP_RESOLUTION_FIRST""]",True,BEAUTY_CARE
CATV1-P151-R1R,CONFLICT,LIP GLOSS,151,R1R,340fb06e-fd22-49ec-a967-359e83aa939b,Destiny by La Segura,,,31000,b2fa90b3583fa9de8bac6ff5664111e271c53f24f33bd8bd10953f42676e430e,,NO_SUPPLIER_EXACT,3,WAIT_IDENTITY_RESOLUTION,100,"[""CURRENT_MULTI_MEMBER_IDENTITY_GROUP_REQUIRES_GROUP_RESOLUTION_FIRST""]",True,BEAUTY_CARE
CATV1-P151-R2L,REVIEW_REQUIRED,VELVET CHERRY,151,R2L,340fb06e-fd22-49ec-a967-359e83aa939b,Destiny by La Segura,,,31000,9ad79b6acb29ced794ca913a83b6e277305a91b4d2ab85a4716f10fb28644a2e,PRICE_OVERLAY_DETECTED,NO_SUPPLIER_EXACT,1,APPROVE_CREATE,95,"[""VISIBLE_FINAL_PRICE_IS_CANONICAL_AUTHORITY"", ""UNIQUE_CURRENT_IDENTITY"", ""HIDDEN_PRICE_NOT_PUBLIC_SALE_PRICE""]",True,BEAUTY_CARE
CATV1-P151-R3L,CONFLICT,LIP LINER,151,R3L,340fb06e-fd22-49ec-a967-359e83aa939b,Destiny by La Segura,,,21000,58cc5fbf8d9b81d6eabccdd109bffddbd2872714e92e2b602c6d1ad5491dda9c,,NO_SUPPLIER_EXACT,2,WAIT_IDENTITY_RESOLUTION,100,"[""CURRENT_MULTI_MEMBER_IDENTITY_GROUP_REQUIRES_GROUP_RESOLUTION_FIRST""]",True,BEAUTY_CARE
CATV1-P152-R2R,CONFLICT,LIP LINER,152,R2R,340fb06e-fd22-49ec-a967-359e83aa939b,Destiny by La Segura,,,21000,0ddf8014ff24f8097740764769a6a28704bba6fdea6b0f743a4242277cdf8326,,NO_SUPPLIER_EXACT,2,WAIT_IDENTITY_RESOLUTION,100,"[""CURRENT_MULTI_MEMBER_IDENTITY_GROUP_REQUIRES_GROUP_RESOLUTION_FIRST""]",True,BEAUTY_CARE
CATV1-P152-R3L,CONFLICT,BERRY FONDUE,152,R3L,340fb06e-fd22-49ec-a967-359e83aa939b,Destiny by La Segura,,,21000,e2a7501aaf9db032b2d91f3c5d554a14c43d48f775ff5cff97b0b62a47744325,,NO_SUPPLIER_EXACT,2,WAIT_IDENTITY_RESOLUTION,100,"[""CURRENT_MULTI_MEMBER_IDENTITY_GROUP_REQUIRES_GROUP_RESOLUTION_FIRST""]",True,BEAUTY_CARE
CATV1-P158-R2R,REVIEW_REQUIRED,ILUMINDOR STICK (2 TONOS ),158,R2R,abf21e50-eeba-4043-994f-673492de30f6,Atenea,,,45000,4b1255662181bdcd6084e6754f4487e25d3ae86572f8318630a33ba17a1fea18,PRICE_OVERLAY_DETECTED,NO_SUPPLIER_EXACT,1,APPROVE_CREATE,95,"[""VISIBLE_FINAL_PRICE_IS_CANONICAL_AUTHORITY"", ""UNIQUE_CURRENT_IDENTITY"", ""HIDDEN_PRICE_NOT_PUBLIC_SALE_PRICE""]",True,BEAUTY_CARE
CATV1-P164-R3L,CONFLICT,POLVO MAJIKAL MINI,164,R3L,52c89d28-6e86-49d7-838d-1ea3be7c096f,Majikal,,,31000,2985b0d6afdacb2aa37f0b93be93f69a7d4061c3c6ab67b91dcbd3fe4cccd939,,NO_SUPPLIER_EXACT,2,WAIT_IDENTITY_RESOLUTION,100,"[""CURRENT_MULTI_MEMBER_IDENTITY_GROUP_REQUIRES_GROUP_RESOLUTION_FIRST""]",True,BEAUTY_CARE
CATV1-P164-R3R,CONFLICT,POLVO MAJIKAL MINI,164,R3R,52c89d28-6e86-49d7-838d-1ea3be7c096f,Majikal,,,16000,d0a44af5f0b532ec3ee256b809c820dcafc3395a363fd78aca128c189116a549,,NO_SUPPLIER_EXACT,2,WAIT_IDENTITY_RESOLUTION,100,"[""CURRENT_MULTI_MEMBER_IDENTITY_GROUP_REQUIRES_GROUP_RESOLUTION_FIRST""]",True,BEAUTY_CARE
CATV1-P171-R2L,REVIEW_REQUIRED,GEL CEJAS ANIIK,171,R2L,dba9ca71-ba8e-4e1c-bbe0-c71c3e1bbfbb,Ani-K,,,23000,1bcadcf41ccaec5494a550cd62a6cbdd6e7b24a1615ebd5e17b4e2241e040f27,PRICE_OVERLAY_DETECTED,NO_SUPPLIER_EXACT,1,APPROVE_CREATE,95,"[""VISIBLE_FINAL_PRICE_IS_CANONICAL_AUTHORITY"", ""UNIQUE_CURRENT_IDENTITY"", ""HIDDEN_PRICE_NOT_PUBLIC_SALE_PRICE""]",True,BEAUTY_CARE
CATV1-P175-R1R,CONFLICT,DELINEADOR,175,R1R,e466082b-7532-4204-b781-94650387a81f,Bloomshell,,,13000,47c1bc8c78d8d80eece61821b01162e4e3e5b61547e548be1f4a09aa44b30719,,NO_SUPPLIER_EXACT,2,WAIT_IDENTITY_RESOLUTION,100,"[""CURRENT_MULTI_MEMBER_IDENTITY_GROUP_REQUIRES_GROUP_RESOLUTION_FIRST""]",True,BEAUTY_CARE
CATV1-P176-R2L,CONFLICT,DELINEADOR,176,R2L,e466082b-7532-4204-b781-94650387a81f,Bloomshell,,,13000,14086f2de291adda92294ed2621ecf5f5b9cb463ab4b6a3fe28a6840f6f5a223,,NO_SUPPLIER_EXACT,2,WAIT_IDENTITY_RESOLUTION,100,"[""CURRENT_MULTI_MEMBER_IDENTITY_GROUP_REQUIRES_GROUP_RESOLUTION_FIRST""]",True,BEAUTY_CARE
CATV1-P176-R3L,CONFLICT,DEADEMAOSOBRILLO,176,R3L,e466082b-7532-4204-b781-94650387a81f,Bloomshell,,,13000,221e66a65b7360e216f08f39571dd07314dd6b6b052f419144a0b8fc19bf61ec,,SUPPLIER_NAME_ONLY,2,WAIT_IDENTITY_RESOLUTION,100,"[""CURRENT_MULTI_MEMBER_IDENTITY_GROUP_REQUIRES_GROUP_RESOLUTION_FIRST""]",True,BEAUTY_CARE
CATV1-P180-R2L,CONFLICT,GLOWY SHELL,180,R2L,e466082b-7532-4204-b781-94650387a81f,Bloomshell,,,13000,24b6a00baa6ba683a8806fe468ab5c2704697a98dad7ec38ea9be914096db8c1,,SUPPLIER_AMBIGUOUS_NAME_ONLY,2,WAIT_IDENTITY_RESOLUTION,100,"[""CURRENT_MULTI_MEMBER_IDENTITY_GROUP_REQUIRES_GROUP_RESOLUTION_FIRST""]",True,BEAUTY_CARE
CATV1-P180-R3L,CONFLICT,DEADEMAOSOBRILLO,180,R3L,e466082b-7532-4204-b781-94650387a81f,Bloomshell,,,13000,611fd3d06f7f8b52a657e17727e9d2c420958eb38fbd1172bc775dfb9655695e,,SUPPLIER_NAME_ONLY,2,WAIT_IDENTITY_RESOLUTION,100,"[""CURRENT_MULTI_MEMBER_IDENTITY_GROUP_REQUIRES_GROUP_RESOLUTION_FIRST""]",True,BEAUTY_CARE
CATV1-P181-R1L,REVIEW_REQUIRED,COLOR BLOOM,181,R1L,e466082b-7532-4204-b781-94650387a81f,Bloomshell,,,19000,44074277d49a6a2c16aa29431fc3962a768e0da4ef1b69757b21cd003c374da2,PRICE_OVERLAY_DETECTED,NO_SUPPLIER_EXACT,2,WAIT_IDENTITY_RESOLUTION,100,"[""CURRENT_MULTI_MEMBER_IDENTITY_GROUP_REQUIRES_GROUP_RESOLUTION_FIRST""]",True,BEAUTY_CARE
CATV1-P181-R2L,REVIEW_REQUIRED,BLOOM KISS,181,R2L,e466082b-7532-4204-b781-94650387a81f,Bloomshell,,,14000,377f65caf90c744ba00b49114ad2da5f9c6cd23f25af73d1264b55a83817f6f0,PRICE_OVERLAY_DETECTED,SUPPLIER_NAME_ONLY,1,APPROVE_CREATE,95,"[""VISIBLE_FINAL_PRICE_IS_CANONICAL_AUTHORITY"", ""UNIQUE_CURRENT_IDENTITY"", ""HIDDEN_PRICE_NOT_PUBLIC_SALE_PRICE""]",True,BEAUTY_CARE
CATV1-P181-R3R,CONFLICT,BROCHAS NUDE ELEGANCE,181,R3R,e466082b-7532-4204-b781-94650387a81f,Bloomshell,,,29000,b3b02b51f3dc33dfaba2c12a4436d9a8369bca0ad459d25cf4d741fb6b5880b1,,SUPPLIER_NAME_ONLY,2,WAIT_IDENTITY_RESOLUTION,100,"[""CURRENT_MULTI_MEMBER_IDENTITY_GROUP_REQUIRES_GROUP_RESOLUTION_FIRST""]",True,BEAUTY_CARE
CATV1-P182-R2L,CONFLICT,BROCHAS NUDE ELEGANCE,182,R2L,e466082b-7532-4204-b781-94650387a81f,Bloomshell,,,29000,409e97d380f06efdd280d77f99e032da09d54a642ac844f6565f8afb934ee391,,SUPPLIER_NAME_ONLY,2,WAIT_IDENTITY_RESOLUTION,100,"[""CURRENT_MULTI_MEMBER_IDENTITY_GROUP_REQUIRES_GROUP_RESOLUTION_FIRST""]",True,BEAUTY_CARE
CATV1-P182-R3R,CONFLICT,GLOWY SHELL,182,R3R,e466082b-7532-4204-b781-94650387a81f,Bloomshell,,,13000,da67c6a00e8b76ef1aaa158ed142910c79d1923e8b9e6bb805833dba51ed4fda,,SUPPLIER_AMBIGUOUS_NAME_ONLY,2,WAIT_IDENTITY_RESOLUTION,100,"[""CURRENT_MULTI_MEMBER_IDENTITY_GROUP_REQUIRES_GROUP_RESOLUTION_FIRST""]",True,BEAUTY_CARE
CATV1-P187-R1R,CONFLICT,GLOSS MIMOSA,187,R1R,e466082b-7532-4204-b781-94650387a81f,Bloomshell,,,26000,bab9cedbecccab7ca2a635b159f90fc92e4c9a6e9d0a724b5c6542b656ee4369,,NO_SUPPLIER_EXACT,2,WAIT_IDENTITY_RESOLUTION,100,"[""CURRENT_MULTI_MEMBER_IDENTITY_GROUP_REQUIRES_GROUP_RESOLUTION_FIRST""]",True,BEAUTY_CARE
CATV1-P191-R3R,CONFLICT,GLOSS MIMOSA,191,R3R,e466082b-7532-4204-b781-94650387a81f,Bloomshell,,,17000,e85b61cf7dda01012d23c441b91e2e99cdfef1b7b64719236c1ca0c45bdb38e0,,NO_SUPPLIER_EXACT,2,WAIT_IDENTITY_RESOLUTION,100,"[""CURRENT_MULTI_MEMBER_IDENTITY_GROUP_REQUIRES_GROUP_RESOLUTION_FIRST""]",True,BEAUTY_CARE
CATV1-P193-R1R,CONFLICT,COLOR BLOOM,193,R1R,e466082b-7532-4204-b781-94650387a81f,Bloomshell,,,19000,eec2b343ceabb487d538039009c52822b451888c50ef9f04e0293d186e0038fd,,NO_SUPPLIER_EXACT,2,WAIT_IDENTITY_RESOLUTION,100,"[""CURRENT_MULTI_MEMBER_IDENTITY_GROUP_REQUIRES_GROUP_RESOLUTION_FIRST""]",True,BEAUTY_CARE
CATV1-P202-R1L,REVIEW_REQUIRED,HUMIDE GLOSS,202,R1L,a4ed69d0-66b1-4abd-9207-5ff729babb58,MONTOC,,,21000,96377c59141c2eec3e39abf6712011b7b6e3662dfd99ff8c11c21d0fe7bb9473,BRAND_NAME_UNRESOLVED,SUPPLIER_NAME_ONLY,1,APPROVE_CREATE,92,"[""CANONICAL_TAXONOMY_NOW_RESOLVES_BRAND_OR_CONTEXT"", ""UNIQUE_CURRENT_IDENTITY"", ""ORIGINAL_AUDIT_BRAND_FLAG_OBSOLETED_BY_TAXONOMY_REVIEW""]",True,BEAUTY_CARE
CATV1-P202-R1R,REVIEW_REQUIRED,JUICYLIPS TONO 202,202,R1R,a4ed69d0-66b1-4abd-9207-5ff729babb58,MONTOC,,,21000,67f5a41db2960535f75e5630ae5f4846b74d41468deed0e84981bbbb81865bb0,BRAND_NAME_UNRESOLVED,SUPPLIER_NAME_ONLY,1,APPROVE_CREATE,92,"[""CANONICAL_TAXONOMY_NOW_RESOLVES_BRAND_OR_CONTEXT"", ""UNIQUE_CURRENT_IDENTITY"", ""ORIGINAL_AUDIT_BRAND_FLAG_OBSOLETED_BY_TAXONOMY_REVIEW""]",True,BEAUTY_CARE
CATV1-P202-R2L,REVIEW_REQUIRED,"JUICY GLOSS 200,201,202",202,R2L,a4ed69d0-66b1-4abd-9207-5ff729babb58,MONTOC,,,33000,4bcd3595bae4eeb92049c979bea7ab94ea6b1b8f3fcbcc4048d9b5b3f6817feb,BRAND_NAME_UNRESOLVED,NO_SUPPLIER_EXACT,1,APPROVE_CREATE,92,"[""CANONICAL_TAXONOMY_NOW_RESOLVES_BRAND_OR_CONTEXT"", ""UNIQUE_CURRENT_IDENTITY"", ""ORIGINAL_AUDIT_BRAND_FLAG_OBSOLETED_BY_TAXONOMY_REVIEW""]",True,BEAUTY_CARE
CATV1-P202-R2R,REVIEW_REQUIRED,CLICKGLOSS PRO,202,R2R,a4ed69d0-66b1-4abd-9207-5ff729babb58,MONTOC,,,23900,254ee6403586599c696bdc3f22789062de331060f450e9149a60bc2192bac876,BRAND_NAME_UNRESOLVED,NO_SUPPLIER_EXACT,1,APPROVE_CREATE,92,"[""CANONICAL_TAXONOMY_NOW_RESOLVES_BRAND_OR_CONTEXT"", ""UNIQUE_CURRENT_IDENTITY"", ""ORIGINAL_AUDIT_BRAND_FLAG_OBSOLETED_BY_TAXONOMY_REVIEW""]",True,BEAUTY_CARE
CATV1-P202-R3L,REVIEW_REQUIRED,"LIPPIE BAL,M",202,R3L,a4ed69d0-66b1-4abd-9207-5ff729babb58,MONTOC,,,16000,8a63757f066edeefa2a86e7a7a734e0dbe2d73cddec6cef6a76d11eeb5da5c22,BRAND_NAME_UNRESOLVED,NO_SUPPLIER_EXACT,1,APPROVE_CREATE,92,"[""CANONICAL_TAXONOMY_NOW_RESOLVES_BRAND_OR_CONTEXT"", ""UNIQUE_CURRENT_IDENTITY"", ""ORIGINAL_AUDIT_BRAND_FLAG_OBSOLETED_BY_TAXONOMY_REVIEW""]",True,BEAUTY_CARE
CATV1-P202-R3R,REVIEW_REQUIRED,RUBOR NOSTALGIC,202,R3R,a4ed69d0-66b1-4abd-9207-5ff729babb58,MONTOC,,,37000,d8ea06a1e6e6eec3775201dd071106992e9e29d4440ca1f22c5df67aa783f1cc,BRAND_NAME_UNRESOLVED,NO_SUPPLIER_EXACT,1,APPROVE_CREATE,92,"[""CANONICAL_TAXONOMY_NOW_RESOLVES_BRAND_OR_CONTEXT"", ""UNIQUE_CURRENT_IDENTITY"", ""ORIGINAL_AUDIT_BRAND_FLAG_OBSOLETED_BY_TAXONOMY_REVIEW""]",True,BEAUTY_CARE
CATV1-P203-R1L,REVIEW_REQUIRED,PESTAÑAS PREGLUE,203,R1L,a4ed69d0-66b1-4abd-9207-5ff729babb58,MONTOC,,,6000,dd0506a601cd5fdbd64fee0964f0e56a21911faf9398df5a53dad611cbf456f9,BRAND_NAME_UNRESOLVED,SUPPLIER_NAME_ONLY,1,APPROVE_CREATE,92,"[""CANONICAL_TAXONOMY_NOW_RESOLVES_BRAND_OR_CONTEXT"", ""UNIQUE_CURRENT_IDENTITY"", ""ORIGINAL_AUDIT_BRAND_FLAG_OBSOLETED_BY_TAXONOMY_REVIEW""]",True,BEAUTY_CARE
CATV1-P203-R1R,REVIEW_REQUIRED,CONTORNO HUMIDE,203,R1R,a4ed69d0-66b1-4abd-9207-5ff729babb58,MONTOC,,,32000,6193d0ee3b8717bb5a3c3dff661024fe0b2c7d4c8bdabf6e391678df47a56fc5,BRAND_NAME_UNRESOLVED,NO_SUPPLIER_EXACT,1,APPROVE_CREATE,92,"[""CANONICAL_TAXONOMY_NOW_RESOLVES_BRAND_OR_CONTEXT"", ""UNIQUE_CURRENT_IDENTITY"", ""ORIGINAL_AUDIT_BRAND_FLAG_OBSOLETED_BY_TAXONOMY_REVIEW""]",True,BEAUTY_CARE
CATV1-P203-R2L,REVIEW_REQUIRED,CORRECTOR HUMIDE,203,R2L,a4ed69d0-66b1-4abd-9207-5ff729babb58,MONTOC,,,41000,3af553798505a7fbcd63c523c984274f73c27afaad9f4459ee7310ca93c38301,BRAND_NAME_UNRESOLVED,NO_SUPPLIER_EXACT,1,APPROVE_CREATE,92,"[""CANONICAL_TAXONOMY_NOW_RESOLVES_BRAND_OR_CONTEXT"", ""UNIQUE_CURRENT_IDENTITY"", ""ORIGINAL_AUDIT_BRAND_FLAG_OBSOLETED_BY_TAXONOMY_REVIEW""]",True,BEAUTY_CARE
CATV1-P203-R2R,REVIEW_REQUIRED,PINE,203,R2R,a4ed69d0-66b1-4abd-9207-5ff729babb58,MONTOC,,,46000,d91074f4846f0aef8d4b849359033f54552558b7a83d452e858b733b185c7278,BRAND_NAME_UNRESOLVED,NO_SUPPLIER_EXACT,1,APPROVE_CREATE,92,"[""CANONICAL_TAXONOMY_NOW_RESOLVES_BRAND_OR_CONTEXT"", ""UNIQUE_CURRENT_IDENTITY"", ""ORIGINAL_AUDIT_BRAND_FLAG_OBSOLETED_BY_TAXONOMY_REVIEW""]",True,BEAUTY_CARE
CATV1-P203-R3L,REVIEW_REQUIRED,SERUM RETINOL,203,R3L,a4ed69d0-66b1-4abd-9207-5ff729babb58,MONTOC,,,51000,a1ca068d359483fa266b818d2769183b134500de8e7aeb35fa805c6caa11e8bd,BRAND_NAME_UNRESOLVED,SUPPLIER_NAME_ONLY,1,APPROVE_CREATE,92,"[""CANONICAL_TAXONOMY_NOW_RESOLVES_BRAND_OR_CONTEXT"", ""UNIQUE_CURRENT_IDENTITY"", ""ORIGINAL_AUDIT_BRAND_FLAG_OBSOLETED_BY_TAXONOMY_REVIEW""]",True,BEAUTY_CARE
CATV1-P203-R3R,REVIEW_REQUIRED,ALGODÓN MONTOC,203,R3R,a4ed69d0-66b1-4abd-9207-5ff729babb58,MONTOC,,,26000,6372b666a37eb053fb035534acdf3b1250e49d1eb82674f4b44d954ee88f6c47,BRAND_NAME_UNRESOLVED,NO_SUPPLIER_EXACT,1,APPROVE_CREATE,92,"[""CANONICAL_TAXONOMY_NOW_RESOLVES_BRAND_OR_CONTEXT"", ""UNIQUE_CURRENT_IDENTITY"", ""ORIGINAL_AUDIT_BRAND_FLAG_OBSOLETED_BY_TAXONOMY_REVIEW""]",True,BEAUTY_CARE
CATV1-P204-R1L,REVIEW_REQUIRED,FIJADOR GRANDE,204,R1L,a4ed69d0-66b1-4abd-9207-5ff729babb58,MONTOC,,,31000,c8c999447dbb4c3ccdc8bba710ab7e866a6f2fe1db974665cd2c68b63163fad7,BRAND_NAME_UNRESOLVED,SUPPLIER_NAME_ONLY,1,APPROVE_CREATE,92,"[""CANONICAL_TAXONOMY_NOW_RESOLVES_BRAND_OR_CONTEXT"", ""UNIQUE_CURRENT_IDENTITY"", ""ORIGINAL_AUDIT_BRAND_FLAG_OBSOLETED_BY_TAXONOMY_REVIEW""]",True,BEAUTY_CARE
CATV1-P204-R1R,REVIEW_REQUIRED,FIJADOR DIX FIX 30 ML,204,R1R,a4ed69d0-66b1-4abd-9207-5ff729babb58,MONTOC,,,30000,56cccf1ac5bee95741c7ed16a8707f62be0b9df9de81015c775a658cc9130596,BRAND_NAME_UNRESOLVED,NO_SUPPLIER_EXACT,1,APPROVE_CREATE,92,"[""CANONICAL_TAXONOMY_NOW_RESOLVES_BRAND_OR_CONTEXT"", ""UNIQUE_CURRENT_IDENTITY"", ""ORIGINAL_AUDIT_BRAND_FLAG_OBSOLETED_BY_TAXONOMY_REVIEW""]",True,BEAUTY_CARE
CATV1-P204-R2L,REVIEW_REQUIRED,GEL HIDRATANTE HYDRO,204,R2L,a4ed69d0-66b1-4abd-9207-5ff729babb58,MONTOC,,,61000,b0cb20d98317144202e9ba495edb2befe7730806f8bdfef7f72a390dc996d2cd,BRAND_NAME_UNRESOLVED,NO_SUPPLIER_EXACT,1,APPROVE_CREATE,92,"[""CANONICAL_TAXONOMY_NOW_RESOLVES_BRAND_OR_CONTEXT"", ""UNIQUE_CURRENT_IDENTITY"", ""ORIGINAL_AUDIT_BRAND_FLAG_OBSOLETED_BY_TAXONOMY_REVIEW""]",True,BEAUTY_CARE
CATV1-P204-R2R,REVIEW_REQUIRED,SERUM NIACINAMIDA,204,R2R,a4ed69d0-66b1-4abd-9207-5ff729babb58,MONTOC,,,51000,e0cd946edf1898c745cf0e8cf19c89b3f56227de28d5e8a36ff2c47d40b60a4c,PRICE_OVERLAY_DETECTED | BRAND_NAME_UNRESOLVED,SUPPLIER_AMBIGUOUS_NAME_ONLY,1,APPROVE_CREATE,90,"[""CANONICAL_TAXONOMY_RESOLVED"", ""VISIBLE_FINAL_PRICE_IS_CANONICAL_AUTHORITY"", ""UNIQUE_CURRENT_IDENTITY""]",True,BEAUTY_CARE
CATV1-P204-R3L,REVIEW_REQUIRED,FACE LIFT ACIDO HIALURONICO,204,R3L,a4ed69d0-66b1-4abd-9207-5ff729babb58,MONTOC,,,51000,7b67f5eb5d48f55c6d1ae438d4324782637c2c01e36fac0fe431f7866fca3b20,PRICE_OVERLAY_DETECTED | BRAND_NAME_UNRESOLVED,NO_SUPPLIER_EXACT,1,APPROVE_CREATE,90,"[""CANONICAL_TAXONOMY_RESOLVED"", ""VISIBLE_FINAL_PRICE_IS_CANONICAL_AUTHORITY"", ""UNIQUE_CURRENT_IDENTITY""]",True,BEAUTY_CARE
CATV1-P204-R3R,REVIEW_REQUIRED,SERUM VITAMINA C,204,R3R,a4ed69d0-66b1-4abd-9207-5ff729babb58,MONTOC,,,51000,f0eef860467cd1ecf569d14e0053bc54e32a9b32f27f430f54497583fca6cafe,PRICE_OVERLAY_DETECTED | BRAND_NAME_UNRESOLVED,SUPPLIER_NAME_ONLY,1,APPROVE_CREATE,90,"[""CANONICAL_TAXONOMY_RESOLVED"", ""VISIBLE_FINAL_PRICE_IS_CANONICAL_AUTHORITY"", ""UNIQUE_CURRENT_IDENTITY""]",True,BEAUTY_CARE
CATV1-P205-R1L,REVIEW_REQUIRED,JABONFACIAL,205,R1L,a4ed69d0-66b1-4abd-9207-5ff729babb58,MONTOC,,,61000,afd95a86cceeb5bdbfa3ba7d0d90bfeddabe4125e4519e32809261ad1041342d,BRAND_NAME_UNRESOLVED,SUPPLIER_NAME_ONLY,1,APPROVE_CREATE,92,"[""CANONICAL_TAXONOMY_NOW_RESOLVES_BRAND_OR_CONTEXT"", ""UNIQUE_CURRENT_IDENTITY"", ""ORIGINAL_AUDIT_BRAND_FLAG_OBSOLETED_BY_TAXONOMY_REVIEW""]",True,BEAUTY_CARE
CATV1-P205-R1R,REVIEW_REQUIRED,CONTORNO DE OJOS,205,R1R,a4ed69d0-66b1-4abd-9207-5ff729babb58,MONTOC,,,61000,0dfe32438064ca9db66b347c6e48de1ce350e1c0c377cfad9fc4fa2ab2e2f0c9,BRAND_NAME_UNRESOLVED,SUPPLIER_AMBIGUOUS_NAME_ONLY,1,APPROVE_CREATE,92,"[""CANONICAL_TAXONOMY_NOW_RESOLVES_BRAND_OR_CONTEXT"", ""UNIQUE_CURRENT_IDENTITY"", ""ORIGINAL_AUDIT_BRAND_FLAG_OBSOLETED_BY_TAXONOMY_REVIEW""]",True,BEAUTY_CARE
CATV1-P205-R2L,REVIEW_REQUIRED,SERUM BLUSH MONT,205,R2L,a4ed69d0-66b1-4abd-9207-5ff729babb58,MONTOC,,,31000,6593419e57094f36e7c98466cdd16191fa9422eb1efb033b77181c7cd66b7101,PRICE_OVERLAY_DETECTED | BRAND_NAME_UNRESOLVED,NO_SUPPLIER_EXACT,1,APPROVE_CREATE,90,"[""CANONICAL_TAXONOMY_RESOLVED"", ""VISIBLE_FINAL_PRICE_IS_CANONICAL_AUTHORITY"", ""UNIQUE_CURRENT_IDENTITY""]",True,BEAUTY_CARE
CATV1-P205-R2R,REVIEW_REQUIRED,AMORE,205,R2R,a4ed69d0-66b1-4abd-9207-5ff729babb58,MONTOC,,,12000,9700f65fa94ef999b6a65b9494b2551a3cb19c812b845d584be13883a4372cc5,BRAND_NAME_UNRESOLVED,NO_SUPPLIER_EXACT,1,APPROVE_CREATE,92,"[""CANONICAL_TAXONOMY_NOW_RESOLVES_BRAND_OR_CONTEXT"", ""UNIQUE_CURRENT_IDENTITY"", ""ORIGINAL_AUDIT_BRAND_FLAG_OBSOLETED_BY_TAXONOMY_REVIEW""]",True,BEAUTY_CARE
CATV1-P205-R3L,REVIEW_REQUIRED,CEPILLO EFECTO ALISADO,205,R3L,a4ed69d0-66b1-4abd-9207-5ff729babb58,MONTOC,,,16000,6608cde615b772e80950a9c49c9397d3f1be7fed8d3ac9335462aa8a7c6dd155,BRAND_NAME_UNRESOLVED,NO_SUPPLIER_EXACT,1,APPROVE_CREATE,92,"[""CANONICAL_TAXONOMY_NOW_RESOLVES_BRAND_OR_CONTEXT"", ""UNIQUE_CURRENT_IDENTITY"", ""ORIGINAL_AUDIT_BRAND_FLAG_OBSOLETED_BY_TAXONOMY_REVIEW""]",True,BEAUTY_CARE
CATV1-P205-R3R,REVIEW_REQUIRED,BROE WAX ULTRA,205,R3R,a4ed69d0-66b1-4abd-9207-5ff729babb58,MONTOC,,,30000,ed9a27414fd82982df0f47158892a489226aefea84b6b4929f23faea683fd03c,BRAND_NAME_UNRESOLVED,SUPPLIER_NAME_ONLY,1,APPROVE_CREATE,92,"[""CANONICAL_TAXONOMY_NOW_RESOLVES_BRAND_OR_CONTEXT"", ""UNIQUE_CURRENT_IDENTITY"", ""ORIGINAL_AUDIT_BRAND_FLAG_OBSOLETED_BY_TAXONOMY_REVIEW""]",True,BEAUTY_CARE
CATV1-P206-R1L,REVIEW_REQUIRED,HUMIDE LAPIZ DE CEJAS,206,R1L,a4ed69d0-66b1-4abd-9207-5ff729babb58,MONTOC,,,20900,c402b620ceed614473d1a33058671ad320a9420830c83770204b964287f78c6b,BRAND_NAME_UNRESOLVED,NO_SUPPLIER_EXACT,1,APPROVE_CREATE,92,"[""CANONICAL_TAXONOMY_NOW_RESOLVES_BRAND_OR_CONTEXT"", ""UNIQUE_CURRENT_IDENTITY"", ""ORIGINAL_AUDIT_BRAND_FLAG_OBSOLETED_BY_TAXONOMY_REVIEW""]",True,BEAUTY_CARE
CATV1-P206-R1R,REVIEW_REQUIRED,SPIRAL GLOSSHUMIDE,206,R1R,a4ed69d0-66b1-4abd-9207-5ff729babb58,MONTOC,,,27900,07c609669a32acd807660b44cd42766abac5d554ac8bc72d2c9e48e279e077e9,BRAND_NAME_UNRESOLVED,NO_SUPPLIER_EXACT,1,APPROVE_CREATE,92,"[""CANONICAL_TAXONOMY_NOW_RESOLVES_BRAND_OR_CONTEXT"", ""UNIQUE_CURRENT_IDENTITY"", ""ORIGINAL_AUDIT_BRAND_FLAG_OBSOLETED_BY_TAXONOMY_REVIEW""]",True,BEAUTY_CARE
CATV1-P206-R2L,REVIEW_REQUIRED,SOFT POWDER ROSADO,206,R2L,a4ed69d0-66b1-4abd-9207-5ff729babb58,MONTOC,,,50000,bad88da5798d13800289bb495f209a17adfa96cbc1446d85e100672d8487bdf8,BRAND_NAME_UNRESOLVED,NO_SUPPLIER_EXACT,1,APPROVE_CREATE,92,"[""CANONICAL_TAXONOMY_NOW_RESOLVES_BRAND_OR_CONTEXT"", ""UNIQUE_CURRENT_IDENTITY"", ""ORIGINAL_AUDIT_BRAND_FLAG_OBSOLETED_BY_TAXONOMY_REVIEW""]",True,BEAUTY_CARE
CATV1-P206-R2R,REVIEW_REQUIRED,BASEMONTOC TONO 100,206,R2R,a4ed69d0-66b1-4abd-9207-5ff729babb58,MONTOC,,,61000,03db42ba8d94d2c5842b4deb4655fb93fcf4522653d452334836a021a5c46f2f,BRAND_NAME_UNRESOLVED,SUPPLIER_NAME_ONLY,1,APPROVE_CREATE,92,"[""CANONICAL_TAXONOMY_NOW_RESOLVES_BRAND_OR_CONTEXT"", ""UNIQUE_CURRENT_IDENTITY"", ""ORIGINAL_AUDIT_BRAND_FLAG_OBSOLETED_BY_TAXONOMY_REVIEW""]",True,BEAUTY_CARE
CATV1-P206-R3L,REVIEW_REQUIRED,LIPPIE BOOSTER,206,R3L,a4ed69d0-66b1-4abd-9207-5ff729babb58,MONTOC,,,23000,6abeb8985e068562b2bf7ce44969a696e7ef08e7c9c4041f6fe8adce41869822,BRAND_NAME_UNRESOLVED,NO_SUPPLIER_EXACT,1,APPROVE_CREATE,92,"[""CANONICAL_TAXONOMY_NOW_RESOLVES_BRAND_OR_CONTEXT"", ""UNIQUE_CURRENT_IDENTITY"", ""ORIGINAL_AUDIT_BRAND_FLAG_OBSOLETED_BY_TAXONOMY_REVIEW""]",True,BEAUTY_CARE
CATV1-P206-R3R,REVIEW_REQUIRED,ILUMINADOR PALETA,206,R3R,a4ed69d0-66b1-4abd-9207-5ff729babb58,MONTOC,,,50000,142a13f308797206dbf8fed23aa7fe7fcfa990140a5fbf7bb7cbd3d12364f1f2,BRAND_NAME_UNRESOLVED,NO_SUPPLIER_EXACT,1,APPROVE_CREATE,92,"[""CANONICAL_TAXONOMY_NOW_RESOLVES_BRAND_OR_CONTEXT"", ""UNIQUE_CURRENT_IDENTITY"", ""ORIGINAL_AUDIT_BRAND_FLAG_OBSOLETED_BY_TAXONOMY_REVIEW""]",True,BEAUTY_CARE
CATV1-P207-R1L,REVIEW_REQUIRED,CONTROL OIL MONTOC,207,R1L,a4ed69d0-66b1-4abd-9207-5ff729babb58,MONTOC,,,29000,a5c169bde2a9523a040929e2512296567d8879758a08839bad07f1bda2bb0682,BRAND_NAME_UNRESOLVED,NO_SUPPLIER_EXACT,1,APPROVE_CREATE,92,"[""CANONICAL_TAXONOMY_NOW_RESOLVES_BRAND_OR_CONTEXT"", ""UNIQUE_CURRENT_IDENTITY"", ""ORIGINAL_AUDIT_BRAND_FLAG_OBSOLETED_BY_TAXONOMY_REVIEW""]",True,BEAUTY_CARE
CATV1-P207-R1R,REVIEW_REQUIRED,CORA LIP,207,R1R,a4ed69d0-66b1-4abd-9207-5ff729babb58,MONTOC,,,26000,825510c4f2a4f29d1a0fedcd95480cb79fd232af3c757ac9e9f2b49f29db7d07,BRAND_NAME_UNRESOLVED,NO_SUPPLIER_EXACT,1,APPROVE_CREATE,92,"[""CANONICAL_TAXONOMY_NOW_RESOLVES_BRAND_OR_CONTEXT"", ""UNIQUE_CURRENT_IDENTITY"", ""ORIGINAL_AUDIT_BRAND_FLAG_OBSOLETED_BY_TAXONOMY_REVIEW""]",True,BEAUTY_CARE
CATV1-P207-R2L,REVIEW_REQUIRED,LAPIZ DE LABIOS,207,R2L,a4ed69d0-66b1-4abd-9207-5ff729babb58,MONTOC,,,16000,2815d3c90a2fdac9c8f84bc4a82df7723ded3adff515da3d49562b7292608ac6,BRAND_NAME_UNRESOLVED,NO_SUPPLIER_EXACT,1,APPROVE_CREATE,92,"[""CANONICAL_TAXONOMY_NOW_RESOLVES_BRAND_OR_CONTEXT"", ""UNIQUE_CURRENT_IDENTITY"", ""ORIGINAL_AUDIT_BRAND_FLAG_OBSOLETED_BY_TAXONOMY_REVIEW""]",True,BEAUTY_CARE
CATV1-P207-R2R,REVIEW_REQUIRED,BASE,207,R2R,a4ed69d0-66b1-4abd-9207-5ff729babb58,MONTOC,,,60000,bdcfb46283277293f46a04d0f9dde7d30acbb514d01abeb8122ab49d1c41ae79,BRAND_NAME_UNRESOLVED,NO_SUPPLIER_EXACT,2,WAIT_IDENTITY_RESOLUTION,100,"[""CURRENT_MULTI_MEMBER_IDENTITY_GROUP_REQUIRES_GROUP_RESOLUTION_FIRST""]",True,BEAUTY_CARE
CATV1-P207-R3L,REVIEW_REQUIRED,LAPIZ MONTOC X,207,R3L,a4ed69d0-66b1-4abd-9207-5ff729babb58,MONTOC,,,16000,4d97e0773f7e14e619e30499671700d948c4bb6303dc25d68e9142f876332e84,BRAND_NAME_UNRESOLVED,NO_SUPPLIER_EXACT,1,APPROVE_CREATE,92,"[""CANONICAL_TAXONOMY_NOW_RESOLVES_BRAND_OR_CONTEXT"", ""UNIQUE_CURRENT_IDENTITY"", ""ORIGINAL_AUDIT_BRAND_FLAG_OBSOLETED_BY_TAXONOMY_REVIEW""]",True,BEAUTY_CARE
CATV1-P207-R3R,REVIEW_REQUIRED,BROCHA B74 X,207,R3R,a4ed69d0-66b1-4abd-9207-5ff729babb58,MONTOC,,,29000,26252104d6cbe8800a73771740e0e6038b47fa7dfc9fac4281c3bb11106b464b,BRAND_NAME_UNRESOLVED,NO_SUPPLIER_EXACT,1,APPROVE_CREATE,92,"[""CANONICAL_TAXONOMY_NOW_RESOLVES_BRAND_OR_CONTEXT"", ""UNIQUE_CURRENT_IDENTITY"", ""ORIGINAL_AUDIT_BRAND_FLAG_OBSOLETED_BY_TAXONOMY_REVIEW""]",True,BEAUTY_CARE
CATV1-P208-R1L,REVIEW_REQUIRED,LIGHT SET MONTOC,208,R1L,a4ed69d0-66b1-4abd-9207-5ff729babb58,MONTOC,,,37000,44152c4d518118460c2147adc9d5bc3be7c867195e455bb0d5f81981cefc5e4f,PRICE_OVERLAY_DETECTED | BRAND_NAME_UNRESOLVED,NO_SUPPLIER_EXACT,2,WAIT_IDENTITY_RESOLUTION,100,"[""CURRENT_MULTI_MEMBER_IDENTITY_GROUP_REQUIRES_GROUP_RESOLUTION_FIRST""]",True,BEAUTY_CARE
CATV1-P208-R1R,REVIEW_REQUIRED,POLVO MONTOC 30G,208,R1R,a4ed69d0-66b1-4abd-9207-5ff729babb58,MONTOC,,,66000,08b1fcc43224e9364ec8800998c0b6e095b28c9e54ab175620b1a4bc66038056,PRICE_OVERLAY_DETECTED | BRAND_NAME_UNRESOLVED,NO_SUPPLIER_EXACT,1,APPROVE_CREATE,90,"[""CANONICAL_TAXONOMY_RESOLVED"", ""VISIBLE_FINAL_PRICE_IS_CANONICAL_AUTHORITY"", ""UNIQUE_CURRENT_IDENTITY""]",True,BEAUTY_CARE
CATV1-P208-R2L,REVIEW_REQUIRED,POLVO 10G TRASLUCIDO,208,R2L,a4ed69d0-66b1-4abd-9207-5ff729babb58,MONTOC,,,38000,d683e080eb04c723f174056d8a4b2fd2b19723aa83bbf419ee2c329a0e5a5aa7,PRICE_OVERLAY_DETECTED | BRAND_NAME_UNRESOLVED,NO_SUPPLIER_EXACT,1,APPROVE_CREATE,90,"[""CANONICAL_TAXONOMY_RESOLVED"", ""VISIBLE_FINAL_PRICE_IS_CANONICAL_AUTHORITY"", ""UNIQUE_CURRENT_IDENTITY""]",True,BEAUTY_CARE
CATV1-P208-R2R,REVIEW_REQUIRED,LIGHT SET MONTOC,208,R2R,a4ed69d0-66b1-4abd-9207-5ff729babb58,MONTOC,,,34000,4356b805291093a42092a94303af505a0ca334cc0855fd7ed0bb06d01a7d3607,BRAND_NAME_UNRESOLVED,NO_SUPPLIER_EXACT,2,WAIT_IDENTITY_RESOLUTION,100,"[""CURRENT_MULTI_MEMBER_IDENTITY_GROUP_REQUIRES_GROUP_RESOLUTION_FIRST""]",True,BEAUTY_CARE
CATV1-P208-R3L,REVIEW_REQUIRED,GEL FIJADOR CEJAS,208,R3L,a4ed69d0-66b1-4abd-9207-5ff729babb58,MONTOC,,,26000,cfd1f1ced915d60f4b727db563509d43df685bea29e4ff8e1acaeb00ad82f3f8,BRAND_NAME_UNRESOLVED,NO_SUPPLIER_EXACT,2,WAIT_IDENTITY_RESOLUTION,100,"[""CURRENT_MULTI_MEMBER_IDENTITY_GROUP_REQUIRES_GROUP_RESOLUTION_FIRST""]",True,BEAUTY_CARE
CATV1-P208-R3R,REVIEW_REQUIRED,GEL FIJADOR CEJAS,208,R3R,a4ed69d0-66b1-4abd-9207-5ff729babb58,MONTOC,,,25000,82c790391561c913a30025029dd725b2644b71f38abf9d02b9436c8abc8063a3,BRAND_NAME_UNRESOLVED,NO_SUPPLIER_EXACT,2,WAIT_IDENTITY_RESOLUTION,100,"[""CURRENT_MULTI_MEMBER_IDENTITY_GROUP_REQUIRES_GROUP_RESOLUTION_FIRST""]",True,BEAUTY_CARE
CATV1-P209-R1L,REVIEW_REQUIRED,BRONZER MONTOC,209,R1L,a4ed69d0-66b1-4abd-9207-5ff729babb58,MONTOC,,,46000,cffce6cc6e3f26fcb9c2d9ff0869c835328af8e39c15a21ab37c203a8944c16b,PRICE_OVERLAY_DETECTED | BRAND_NAME_UNRESOLVED,NO_SUPPLIER_EXACT,1,APPROVE_CREATE,90,"[""CANONICAL_TAXONOMY_RESOLVED"", ""VISIBLE_FINAL_PRICE_IS_CANONICAL_AUTHORITY"", ""UNIQUE_CURRENT_IDENTITY""]",True,BEAUTY_CARE
CATV1-P209-R1R,REVIEW_REQUIRED,PRIMER GRIP,209,R1R,a4ed69d0-66b1-4abd-9207-5ff729babb58,MONTOC,,,46000,12f5c96be8d1ff753bdae4f10faf1b6e7b863b7cb1f1d73880538ee4e32071a0,BRAND_NAME_UNRESOLVED,NO_SUPPLIER_EXACT,1,APPROVE_CREATE,92,"[""CANONICAL_TAXONOMY_NOW_RESOLVES_BRAND_OR_CONTEXT"", ""UNIQUE_CURRENT_IDENTITY"", ""ORIGINAL_AUDIT_BRAND_FLAG_OBSOLETED_BY_TAXONOMY_REVIEW""]",True,BEAUTY_CARE
CATV1-P209-R2L,REVIEW_REQUIRED,FIJADOR 200ML,209,R2L,a4ed69d0-66b1-4abd-9207-5ff729babb58,MONTOC,,,79000,97437a108850187819acf619f464f9fc7ff69799941555b9a580512d7369d72b,BRAND_NAME_UNRESOLVED,NO_SUPPLIER_EXACT,1,APPROVE_CREATE,92,"[""CANONICAL_TAXONOMY_NOW_RESOLVES_BRAND_OR_CONTEXT"", ""UNIQUE_CURRENT_IDENTITY"", ""ORIGINAL_AUDIT_BRAND_FLAG_OBSOLETED_BY_TAXONOMY_REVIEW""]",True,BEAUTY_CARE
CATV1-P209-R2R,REVIEW_REQUIRED,POLVO 10G BANANA,209,R2R,a4ed69d0-66b1-4abd-9207-5ff729babb58,MONTOC,,,38000,65eed587491d71d7bb7e58f661d99878b7e03b79c95ce243d03fa5697557a8e1,BRAND_NAME_UNRESOLVED,NO_SUPPLIER_EXACT,1,APPROVE_CREATE,92,"[""CANONICAL_TAXONOMY_NOW_RESOLVES_BRAND_OR_CONTEXT"", ""UNIQUE_CURRENT_IDENTITY"", ""ORIGINAL_AUDIT_BRAND_FLAG_OBSOLETED_BY_TAXONOMY_REVIEW""]",True,BEAUTY_CARE
CATV1-P209-R3L,REVIEW_REQUIRED,RUBOR STICK,209,R3L,a4ed69d0-66b1-4abd-9207-5ff729babb58,MONTOC,,,22000,e1a3b4566158e129b50884a08554dca73a19950457f3e909335c5b5073032da7,BRAND_NAME_UNRESOLVED,NO_SUPPLIER_EXACT,1,APPROVE_CREATE,92,"[""CANONICAL_TAXONOMY_NOW_RESOLVES_BRAND_OR_CONTEXT"", ""UNIQUE_CURRENT_IDENTITY"", ""ORIGINAL_AUDIT_BRAND_FLAG_OBSOLETED_BY_TAXONOMY_REVIEW""]",True,BEAUTY_CARE
CATV1-P209-R3R,REVIEW_REQUIRED,BB CREAM SUNSOON,209,R3R,a4ed69d0-66b1-4abd-9207-5ff729babb58,MONTOC,,,60000,d279a74c82186c23f2617fd81b1e8633ed7b04cd001f3e117cd122760ed56cca,BRAND_NAME_UNRESOLVED,NO_SUPPLIER_EXACT,1,APPROVE_CREATE,92,"[""CANONICAL_TAXONOMY_NOW_RESOLVES_BRAND_OR_CONTEXT"", ""UNIQUE_CURRENT_IDENTITY"", ""ORIGINAL_AUDIT_BRAND_FLAG_OBSOLETED_BY_TAXONOMY_REVIEW""]",True,BEAUTY_CARE
CATV1-P210-R1L,REVIEW_REQUIRED,AGUA DE ROSAS,210,R1L,a4ed69d0-66b1-4abd-9207-5ff729babb58,MONTOC,,,36000,6e1a301e6360de739a6086da1d9b29d750fbaeb4f5fc0199ee12aee412222268,BRAND_NAME_UNRESOLVED,SUPPLIER_NAME_ONLY,1,APPROVE_CREATE,92,"[""CANONICAL_TAXONOMY_NOW_RESOLVES_BRAND_OR_CONTEXT"", ""UNIQUE_CURRENT_IDENTITY"", ""ORIGINAL_AUDIT_BRAND_FLAG_OBSOLETED_BY_TAXONOMY_REVIEW""]",True,BEAUTY_CARE
CATV1-P210-R1R,REVIEW_REQUIRED,KIT DE BROCHAS VIAJERAS,210,R1R,a4ed69d0-66b1-4abd-9207-5ff729babb58,MONTOC,,,61000,538b219029a86ad7ceae3b666c36de8181aaa82df2957573722fb354ce4261a2,BRAND_NAME_UNRESOLVED,NO_SUPPLIER_EXACT,1,APPROVE_CREATE,92,"[""CANONICAL_TAXONOMY_NOW_RESOLVES_BRAND_OR_CONTEXT"", ""UNIQUE_CURRENT_IDENTITY"", ""ORIGINAL_AUDIT_BRAND_FLAG_OBSOLETED_BY_TAXONOMY_REVIEW""]",True,BEAUTY_CARE
CATV1-P210-R2L,REVIEW_REQUIRED,HELLO BEACH BRONZER,210,R2L,a4ed69d0-66b1-4abd-9207-5ff729babb58,MONTOC,,,18000,fcff2e190a66beafb1ac59af7c799e342f82817f573c43041cf60d3a26c3f9d1,BRAND_NAME_UNRESOLVED,NO_SUPPLIER_EXACT,1,APPROVE_CREATE,92,"[""CANONICAL_TAXONOMY_NOW_RESOLVES_BRAND_OR_CONTEXT"", ""UNIQUE_CURRENT_IDENTITY"", ""ORIGINAL_AUDIT_BRAND_FLAG_OBSOLETED_BY_TAXONOMY_REVIEW""]",True,BEAUTY_CARE
CATV1-P210-R2R,REVIEW_REQUIRED,BLOQUEADOR SUNSOON,210,R2R,a4ed69d0-66b1-4abd-9207-5ff729babb58,MONTOC,,,67000,040d29fdf4c3441ce9e49d663c403acf68c42c1faa5f82e3bed064c33e57ed54,BRAND_NAME_UNRESOLVED,NO_SUPPLIER_EXACT,1,APPROVE_CREATE,92,"[""CANONICAL_TAXONOMY_NOW_RESOLVES_BRAND_OR_CONTEXT"", ""UNIQUE_CURRENT_IDENTITY"", ""ORIGINAL_AUDIT_BRAND_FLAG_OBSOLETED_BY_TAXONOMY_REVIEW""]",True,BEAUTY_CARE
CATV1-P210-R3L,REVIEW_REQUIRED,BASE,210,R3L,a4ed69d0-66b1-4abd-9207-5ff729babb58,MONTOC,,,53000,9f280146b7c9bbe004f004c2dbc8918f7ab77e2a90e6772a595c65d08851d231,BRAND_NAME_UNRESOLVED,NO_SUPPLIER_EXACT,2,WAIT_IDENTITY_RESOLUTION,100,"[""CURRENT_MULTI_MEMBER_IDENTITY_GROUP_REQUIRES_GROUP_RESOLUTION_FIRST""]",True,BEAUTY_CARE
CATV1-P210-R3R,REVIEW_REQUIRED,RUBOR,210,R3R,a4ed69d0-66b1-4abd-9207-5ff729babb58,MONTOC,,,45000,2be8b4040aa8138e88492d76e832d1553525bc02deeac1912dad2ec80e983684,BRAND_NAME_UNRESOLVED,NO_SUPPLIER_EXACT,1,APPROVE_CREATE,92,"[""CANONICAL_TAXONOMY_NOW_RESOLVES_BRAND_OR_CONTEXT"", ""UNIQUE_CURRENT_IDENTITY"", ""ORIGINAL_AUDIT_BRAND_FLAG_OBSOLETED_BY_TAXONOMY_REVIEW""]",True,BEAUTY_CARE
CATV1-P211-R1L,REVIEW_REQUIRED,ENCRESPADOR,211,R1L,a4ed69d0-66b1-4abd-9207-5ff729babb58,MONTOC,,,16000,a8d2b6cfe2d504203d08472b8c555fa85d9069c858316c96855d79e504a4d401,BRAND_NAME_UNRESOLVED,NO_SUPPLIER_EXACT,1,APPROVE_CREATE,92,"[""CANONICAL_TAXONOMY_NOW_RESOLVES_BRAND_OR_CONTEXT"", ""UNIQUE_CURRENT_IDENTITY"", ""ORIGINAL_AUDIT_BRAND_FLAG_OBSOLETED_BY_TAXONOMY_REVIEW""]",True,BEAUTY_CARE
CATV1-P211-R1R,REVIEW_REQUIRED,BROCHA FLUFLY,211,R1R,a4ed69d0-66b1-4abd-9207-5ff729babb58,MONTOC,,,58000,649c2460ac0009cae8edaa406a3c3700295852063d02a810e53de34eff8284c8,BRAND_NAME_UNRESOLVED,NO_SUPPLIER_EXACT,1,APPROVE_CREATE,92,"[""CANONICAL_TAXONOMY_NOW_RESOLVES_BRAND_OR_CONTEXT"", ""UNIQUE_CURRENT_IDENTITY"", ""ORIGINAL_AUDIT_BRAND_FLAG_OBSOLETED_BY_TAXONOMY_REVIEW""]",True,BEAUTY_CARE
CATV1-P211-R2L,REVIEW_REQUIRED,PALETA HARMONY,211,R2L,a4ed69d0-66b1-4abd-9207-5ff729babb58,MONTOC,,,41000,6da1340cc9a080f4e1506eaa7ca32af7a32ca34b69fc7c552815f5b36085ea04,BRAND_NAME_UNRESOLVED,NO_SUPPLIER_EXACT,1,APPROVE_CREATE,92,"[""CANONICAL_TAXONOMY_NOW_RESOLVES_BRAND_OR_CONTEXT"", ""UNIQUE_CURRENT_IDENTITY"", ""ORIGINAL_AUDIT_BRAND_FLAG_OBSOLETED_BY_TAXONOMY_REVIEW""]",True,BEAUTY_CARE
CATV1-P211-R2R,REVIEW_REQUIRED,DELINEADOR MIAU,211,R2R,a4ed69d0-66b1-4abd-9207-5ff729babb58,MONTOC,,,20000,711db7183611b143dbc102d2619b8c638b56ef1915cc259aa2452f18ba4a3a3e,BRAND_NAME_UNRESOLVED,NO_SUPPLIER_EXACT,1,APPROVE_CREATE,92,"[""CANONICAL_TAXONOMY_NOW_RESOLVES_BRAND_OR_CONTEXT"", ""UNIQUE_CURRENT_IDENTITY"", ""ORIGINAL_AUDIT_BRAND_FLAG_OBSOLETED_BY_TAXONOMY_REVIEW""]",True,BEAUTY_CARE
CATV1-P211-R3L,REVIEW_REQUIRED,MONTOC BEAUTY SKIN GEL,211,R3L,a4ed69d0-66b1-4abd-9207-5ff729babb58,MONTOC,,,59000,28b191155bb458b37829c44b2afd3555677e5dc78992537b95b935e49aa9e1af,BRAND_NAME_UNRESOLVED,NO_SUPPLIER_EXACT,1,APPROVE_CREATE,92,"[""CANONICAL_TAXONOMY_NOW_RESOLVES_BRAND_OR_CONTEXT"", ""UNIQUE_CURRENT_IDENTITY"", ""ORIGINAL_AUDIT_BRAND_FLAG_OBSOLETED_BY_TAXONOMY_REVIEW""]",True,BEAUTY_CARE
CATV1-P211-R3R,REVIEW_REQUIRED,POLVO 30G BANANA,211,R3R,a4ed69d0-66b1-4abd-9207-5ff729babb58,MONTOC,,,66000,e7096aea2adb7562627ce3b7cae34db5b5d1856b2f649512d6537bd12b4460cb,BRAND_NAME_UNRESOLVED,NO_SUPPLIER_EXACT,1,APPROVE_CREATE,92,"[""CANONICAL_TAXONOMY_NOW_RESOLVES_BRAND_OR_CONTEXT"", ""UNIQUE_CURRENT_IDENTITY"", ""ORIGINAL_AUDIT_BRAND_FLAG_OBSOLETED_BY_TAXONOMY_REVIEW""]",True,BEAUTY_CARE
CATV1-P213-R2R,CONFLICT,DEADEMAS NUBE,213,R2R,,,3544b1fc-163e-4fe0-8751-d653d17451f7,ACCESORIOS PARA MAQUILLAJE,13000,f2338aaf192427817484767006084126f4611bae04f2a1951677dc21d52591c5,,NO_SUPPLIER_EXACT,1,DEFER,40,"[""RESIDUAL_CONFLICT_AFTER_TAXONOMY"", ""SAME_NORMALIZED_NAME_EXISTS_IN_DIFFERENT_CANONICAL_TAXONOMY"", ""MANUAL_CLASSIFICATION_REVIEW_REQUIRED""]",True,BEAUTY_CARE
CATV1-P215-R1L,REVIEW_REQUIRED,BROCHA CEJAS,215,R1L,,,3544b1fc-163e-4fe0-8751-d653d17451f7,ACCESORIOS PARA MAQUILLAJE,6000,7cc56b614004f98c2e7c63ca47bf6394c93589854cb0af727cc17ba0ef39ab0c,PRICE_OVERLAY_DETECTED,NO_SUPPLIER_EXACT,1,APPROVE_CREATE,95,"[""VISIBLE_FINAL_PRICE_IS_CANONICAL_AUTHORITY"", ""UNIQUE_CURRENT_IDENTITY"", ""HIDDEN_PRICE_NOT_PUBLIC_SALE_PRICE""]",True,BEAUTY_CARE
CATV1-P216-R1L,CONFLICT,DEPILADOR SAGUI,216,R1L,,,3544b1fc-163e-4fe0-8751-d653d17451f7,ACCESORIOS PARA MAQUILLAJE,11000,69542ef3444a1bb8f5f9c3ef1c19675b55b64a970a3c8868fbe48d3eb90f3404,,SUPPLIER_AMBIGUOUS_NAME_ONLY,1,DEFER,40,"[""RESIDUAL_CONFLICT_AFTER_TAXONOMY"", ""SAME_NORMALIZED_NAME_EXISTS_IN_DIFFERENT_CANONICAL_TAXONOMY"", ""MANUAL_CLASSIFICATION_REVIEW_REQUIRED""]",True,BEAUTY_CARE
CATV1-P218-R1L,CONFLICT,DELINEADOR BLANCO,218,R1L,,,69039ea1-d8d5-4ae9-9dcb-f57b20ec92b7,"CEJAS, PESTAÑAS Y DELINEADORES",13000,30e032c6ff70aa170525b96ad580be94340a376e64ba0b4d2054585c874e5e02,,NO_SUPPLIER_EXACT,2,WAIT_IDENTITY_RESOLUTION,100,"[""CURRENT_MULTI_MEMBER_IDENTITY_GROUP_REQUIRES_GROUP_RESOLUTION_FIRST""]",True,BEAUTY_CARE
CATV1-P218-R3L,REVIEW_REQUIRED,PESTAÑAS PELOAPELO X,218,R3L,,,69039ea1-d8d5-4ae9-9dcb-f57b20ec92b7,"CEJAS, PESTAÑAS Y DELINEADORES",11000,3674bb74d229c43c6f773b6320d6b6a551cd67bf4929955d40c8aa3beef590e5,PRICE_OVERLAY_DETECTED,NO_SUPPLIER_EXACT,1,APPROVE_CREATE,95,"[""VISIBLE_FINAL_PRICE_IS_CANONICAL_AUTHORITY"", ""UNIQUE_CURRENT_IDENTITY"", ""HIDDEN_PRICE_NOT_PUBLIC_SALE_PRICE""]",True,BEAUTY_CARE
CATV1-P220-R2R,REVIEW_REQUIRED,PESTAÑINAPROSAMAXI SILICON,220,R2R,,,69039ea1-d8d5-4ae9-9dcb-f57b20ec92b7,"CEJAS, PESTAÑAS Y DELINEADORES",23000,edda4e976e22320cff2d425ea703eca1ea93cc8c6888fcf5b8530ec59624d151,PRICE_OVERLAY_DETECTED,SUPPLIER_NAME_ONLY,1,APPROVE_CREATE,95,"[""VISIBLE_FINAL_PRICE_IS_CANONICAL_AUTHORITY"", ""UNIQUE_CURRENT_IDENTITY"", ""HIDDEN_PRICE_NOT_PUBLIC_SALE_PRICE""]",True,BEAUTY_CARE
CATV1-P220-R3L,REVIEW_REQUIRED,PESTAÑINAPROSAPROFESIONAL,220,R3L,,,69039ea1-d8d5-4ae9-9dcb-f57b20ec92b7,"CEJAS, PESTAÑAS Y DELINEADORES",23000,f9b634ef9eda9e6fb8b88a44fd8a0af0b53b3ebc1e682e034fb19d391e80d374,PRICE_OVERLAY_DETECTED,NO_SUPPLIER_EXACT,1,APPROVE_CREATE,95,"[""VISIBLE_FINAL_PRICE_IS_CANONICAL_AUTHORITY"", ""UNIQUE_CURRENT_IDENTITY"", ""HIDDEN_PRICE_NOT_PUBLIC_SALE_PRICE""]",True,BEAUTY_CARE
CATV1-P221-R2R,CONFLICT,PILUSS PESTÁÑAS,221,R2R,,,69039ea1-d8d5-4ae9-9dcb-f57b20ec92b7,"CEJAS, PESTAÑAS Y DELINEADORES",46000,f9f58ac5474206b28fc5d365bfc5b5182ff99382982e2be10639236e75e688e3,,SUPPLIER_NAME_ONLY,2,WAIT_IDENTITY_RESOLUTION,100,"[""CURRENT_MULTI_MEMBER_IDENTITY_GROUP_REQUIRES_GROUP_RESOLUTION_FIRST""]",True,BEAUTY_CARE
CATV1-P221-R3L,CONFLICT,PILUSS PESTÁÑAS,221,R3L,,,69039ea1-d8d5-4ae9-9dcb-f57b20ec92b7,"CEJAS, PESTAÑAS Y DELINEADORES",11000,71530ce269afb34fb256974c9d99642c2a3332d5c5f923ee75138aecfd574822,,SUPPLIER_NAME_ONLY,2,WAIT_IDENTITY_RESOLUTION,100,"[""CURRENT_MULTI_MEMBER_IDENTITY_GROUP_REQUIRES_GROUP_RESOLUTION_FIRST""]",True,BEAUTY_CARE
CATV1-P221-R3R,CONFLICT,DELINEADOR BLANCO,221,R3R,,,69039ea1-d8d5-4ae9-9dcb-f57b20ec92b7,"CEJAS, PESTAÑAS Y DELINEADORES",7000,1242f31cf91710208ca1b90e66a42c38833db88595e49a42529d5488aff1032d,,NO_SUPPLIER_EXACT,2,WAIT_IDENTITY_RESOLUTION,100,"[""CURRENT_MULTI_MEMBER_IDENTITY_GROUP_REQUIRES_GROUP_RESOLUTION_FIRST""]",True,BEAUTY_CARE
CATV1-P222-R1L,CONFLICT,DEPILADOR SAGUI,222,R1L,,,69039ea1-d8d5-4ae9-9dcb-f57b20ec92b7,"CEJAS, PESTAÑAS Y DELINEADORES",21000,e86220b819f925189fa09a38d4d7a31e4973f1322122d7b1a3938de1068904fe,,SUPPLIER_AMBIGUOUS_NAME_ONLY,1,DEFER,40,"[""RESIDUAL_CONFLICT_AFTER_TAXONOMY"", ""SAME_NORMALIZED_NAME_EXISTS_IN_DIFFERENT_CANONICAL_TAXONOMY"", ""MANUAL_CLASSIFICATION_REVIEW_REQUIRED""]",True,BEAUTY_CARE
CATV1-P222-R2L,CONFLICT,ENCRESPADOR FIFTY,222,R2L,,,69039ea1-d8d5-4ae9-9dcb-f57b20ec92b7,"CEJAS, PESTAÑAS Y DELINEADORES",13000,b99bcd2f83494936ff9358e6631171f53ef4bb3e74fd37877e6592042ef20aa2,,NO_SUPPLIER_EXACT,3,WAIT_IDENTITY_RESOLUTION,100,"[""CURRENT_MULTI_MEMBER_IDENTITY_GROUP_REQUIRES_GROUP_RESOLUTION_FIRST""]",True,BEAUTY_CARE
CATV1-P222-R3L,CONFLICT,ENCRESPADOR FIFTY,222,R3L,,,69039ea1-d8d5-4ae9-9dcb-f57b20ec92b7,"CEJAS, PESTAÑAS Y DELINEADORES",13000,c83a98daccc8c3dbc71e8d84c09823758ee6098ab59e5caebebf2d86e242b35b,,NO_SUPPLIER_EXACT,3,WAIT_IDENTITY_RESOLUTION,100,"[""CURRENT_MULTI_MEMBER_IDENTITY_GROUP_REQUIRES_GROUP_RESOLUTION_FIRST""]",True,BEAUTY_CARE
CATV1-P223-R1L,CONFLICT,ENCRESPADOR FIFTY,223,R1L,,,69039ea1-d8d5-4ae9-9dcb-f57b20ec92b7,"CEJAS, PESTAÑAS Y DELINEADORES",13000,77d44e51e347bce5140a8bb461cf4678125e493cab63e93329b69ef13700f11a,,NO_SUPPLIER_EXACT,3,WAIT_IDENTITY_RESOLUTION,100,"[""CURRENT_MULTI_MEMBER_IDENTITY_GROUP_REQUIRES_GROUP_RESOLUTION_FIRST""]",True,BEAUTY_CARE
CATV1-P223-R1R,REVIEW_REQUIRED,COSMETIQUERA BOLSO,223,R1R,,,69039ea1-d8d5-4ae9-9dcb-f57b20ec92b7,"CEJAS, PESTAÑAS Y DELINEADORES",41000,fcdb31982d68901df961235858aee9041d07e5ecd9d9192976947f212b2dd17b,PRICE_OVERLAY_DETECTED,NO_SUPPLIER_EXACT,1,APPROVE_CREATE,95,"[""VISIBLE_FINAL_PRICE_IS_CANONICAL_AUTHORITY"", ""UNIQUE_CURRENT_IDENTITY"", ""HIDDEN_PRICE_NOT_PUBLIC_SALE_PRICE""]",True,BEAUTY_CARE
CATV1-P225-R2R,REVIEW_REQUIRED,USHAS 12 TONOS DIFERENTES X,225,R2R,,,318f08f0-9aa4-4099-a767-9e0ac8298157,"LABIALES, BRILLOS, DELINEADORES, HIDRATANTES Y TINTAS",14000,6100eebbe751c36c99bf9c808058980cfa5f766a47cde24ff3f443a0a0a812e2,PRICE_OVERLAY_DETECTED,NO_SUPPLIER_EXACT,1,APPROVE_CREATE,95,"[""VISIBLE_FINAL_PRICE_IS_CANONICAL_AUTHORITY"", ""UNIQUE_CURRENT_IDENTITY"", ""HIDDEN_PRICE_NOT_PUBLIC_SALE_PRICE""]",True,BEAUTY_CARE
CATV1-P227-R2L,REVIEW_REQUIRED,GLOSS CON COLOR LLAVERO,227,R2L,,,318f08f0-9aa4-4099-a767-9e0ac8298157,"LABIALES, BRILLOS, DELINEADORES, HIDRATANTES Y TINTAS",11000,cc758671f0cb829032ac7620f72b3261e239e7b73f94da049458939a5d4b2b19,PRICE_OVERLAY_DETECTED,NO_SUPPLIER_EXACT,1,APPROVE_CREATE,95,"[""VISIBLE_FINAL_PRICE_IS_CANONICAL_AUTHORITY"", ""UNIQUE_CURRENT_IDENTITY"", ""HIDDEN_PRICE_NOT_PUBLIC_SALE_PRICE""]",True,BEAUTY_CARE
CATV1-P229-R1R,CONFLICT,CORRECTOR USHAS,229,R1R,,,e137169e-b616-4487-aa3e-7637db245219,"BASES, CORRECTORES, POLVOS, RUBORES E ILUMINADORES",13000,5ceea7d347638d54c5703b861527f797285f19da21a012698fb127790dfd96b6,,NO_SUPPLIER_EXACT,2,WAIT_IDENTITY_RESOLUTION,100,"[""CURRENT_MULTI_MEMBER_IDENTITY_GROUP_REQUIRES_GROUP_RESOLUTION_FIRST""]",True,BEAUTY_CARE
CATV1-P229-R2R,CONFLICT,CORRECTOR MIIS,229,R2R,,,e137169e-b616-4487-aa3e-7637db245219,"BASES, CORRECTORES, POLVOS, RUBORES E ILUMINADORES",16000,a938fd73684a03fc230e251fadf8f4398ae165f4199d6df71f7c055bfff26bcc,,NO_SUPPLIER_EXACT,3,WAIT_IDENTITY_RESOLUTION,100,"[""CURRENT_MULTI_MEMBER_IDENTITY_GROUP_REQUIRES_GROUP_RESOLUTION_FIRST""]",True,BEAUTY_CARE
CATV1-P230-R2R,CONFLICT,CORRECTOR USHAS,230,R2R,,,e137169e-b616-4487-aa3e-7637db245219,"BASES, CORRECTORES, POLVOS, RUBORES E ILUMINADORES",13000,6231013f429cfbaf73420550e01fe6ab6abeac27c18b9672877116d5738643a5,,NO_SUPPLIER_EXACT,2,WAIT_IDENTITY_RESOLUTION,100,"[""CURRENT_MULTI_MEMBER_IDENTITY_GROUP_REQUIRES_GROUP_RESOLUTION_FIRST""]",True,BEAUTY_CARE
CATV1-P230-R3L,REVIEW_REQUIRED,POLVO DE HADAS,230,R3L,,,e137169e-b616-4487-aa3e-7637db245219,"BASES, CORRECTORES, POLVOS, RUBORES E ILUMINADORES",13000,4403ad2e058f9ceb8ab975b5a0b8765d7c7ce761eb6b7d8dbe1b5b9d1e21c303,PRICE_OVERLAY_DETECTED,NO_SUPPLIER_EXACT,1,APPROVE_CREATE,95,"[""VISIBLE_FINAL_PRICE_IS_CANONICAL_AUTHORITY"", ""UNIQUE_CURRENT_IDENTITY"", ""HIDDEN_PRICE_NOT_PUBLIC_SALE_PRICE""]",True,BEAUTY_CARE
CATV1-P231-R1L,REVIEW_REQUIRED,ILUMIANDOR,231,R1L,,,e137169e-b616-4487-aa3e-7637db245219,"BASES, CORRECTORES, POLVOS, RUBORES E ILUMINADORES",11000,d8074b088d7ea617efaca31efebc230c0736901868a876f7caefe42dab078bd3,PRICE_OVERLAY_DETECTED,SUPPLIER_NAME_ONLY,1,APPROVE_CREATE,95,"[""VISIBLE_FINAL_PRICE_IS_CANONICAL_AUTHORITY"", ""UNIQUE_CURRENT_IDENTITY"", ""HIDDEN_PRICE_NOT_PUBLIC_SALE_PRICE""]",True,BEAUTY_CARE
CATV1-P231-R2R,CONFLICT,CORRECTOR MIIS,231,R2R,,,e137169e-b616-4487-aa3e-7637db245219,"BASES, CORRECTORES, POLVOS, RUBORES E ILUMINADORES",16000,a07c5b09ccf470fd27f97eb02ebaef4200870b9a82b3ef133571ef7b2055f276,,NO_SUPPLIER_EXACT,3,WAIT_IDENTITY_RESOLUTION,100,"[""CURRENT_MULTI_MEMBER_IDENTITY_GROUP_REQUIRES_GROUP_RESOLUTION_FIRST""]",True,BEAUTY_CARE
CATV1-P231-R3L,CONFLICT,CORRECTOR MIIS,231,R3L,,,e137169e-b616-4487-aa3e-7637db245219,"BASES, CORRECTORES, POLVOS, RUBORES E ILUMINADORES",16000,c914f52af4dead90cefec5086c2b4e893060d7017b0e70a60c828b29cc9ac433,,NO_SUPPLIER_EXACT,3,WAIT_IDENTITY_RESOLUTION,100,"[""CURRENT_MULTI_MEMBER_IDENTITY_GROUP_REQUIRES_GROUP_RESOLUTION_FIRST""]",True,BEAUTY_CARE
CATV1-P233-R1L,CONFLICT,SPLASH PURPURE,233,R1L,ea9d8272-18a7-4af8-8f21-578b65ac5c66,Purpure by Angie Bedoya,,,27000,31d429efd874467386e6e212b21cefea2e03355448389cc9eae14b96641eab0b,,NO_SUPPLIER_EXACT,2,WAIT_IDENTITY_RESOLUTION,100,"[""CURRENT_MULTI_MEMBER_IDENTITY_GROUP_REQUIRES_GROUP_RESOLUTION_FIRST""]",True,BEAUTY_CARE
CATV1-P233-R3L,CONFLICT,SPLASH PURPURE,233,R3L,ea9d8272-18a7-4af8-8f21-578b65ac5c66,Purpure by Angie Bedoya,,,17000,03b31c8e510ebc4c362f148cce50ed433282e3da06553f8cbe41c5f37089976c,,NO_SUPPLIER_EXACT,2,WAIT_IDENTITY_RESOLUTION,100,"[""CURRENT_MULTI_MEMBER_IDENTITY_GROUP_REQUIRES_GROUP_RESOLUTION_FIRST""]",True,BEAUTY_CARE
CATV1-P236-R3L,CONFLICT,KIT CARTUCHERA,236,R3L,ea9d8272-18a7-4af8-8f21-578b65ac5c66,Purpure by Angie Bedoya,,,41900,d7badc5b85ec50dd2184f830b3cf2146e04221b4526c37d7abdd0712820f179b,,NO_SUPPLIER_EXACT,2,WAIT_IDENTITY_RESOLUTION,100,"[""CURRENT_MULTI_MEMBER_IDENTITY_GROUP_REQUIRES_GROUP_RESOLUTION_FIRST""]",True,BEAUTY_CARE
CATV1-P238-R1R,CONFLICT,LABIAL HUMECTANTE,238,R1R,ea9d8272-18a7-4af8-8f21-578b65ac5c66,Purpure by Angie Bedoya,,,8000,44fcea456092b3d009877921008cc17a13462ddeca02b62b78076a3e56ea99fa,,NO_SUPPLIER_EXACT,2,WAIT_IDENTITY_RESOLUTION,100,"[""CURRENT_MULTI_MEMBER_IDENTITY_GROUP_REQUIRES_GROUP_RESOLUTION_FIRST""]",True,BEAUTY_CARE
CATV1-P238-R2L,CONFLICT,LABIAL HUMECTANTE,238,R2L,ea9d8272-18a7-4af8-8f21-578b65ac5c66,Purpure by Angie Bedoya,,,20000,1d6a6c87f8d934d42cc23c6f3a422f91b635d9927a310ae98bfaa7b67660d4c9,,NO_SUPPLIER_EXACT,2,WAIT_IDENTITY_RESOLUTION,100,"[""CURRENT_MULTI_MEMBER_IDENTITY_GROUP_REQUIRES_GROUP_RESOLUTION_FIRST""]",True,BEAUTY_CARE
CATV1-P238-R3L,CONFLICT,KIT CARTUCHERA,238,R3L,ea9d8272-18a7-4af8-8f21-578b65ac5c66,Purpure by Angie Bedoya,,,41900,8d7f160bf8d22ab4057cab2bf7a152e939842f5098c28f9b073e4b4520f7e252,,NO_SUPPLIER_EXACT,2,WAIT_IDENTITY_RESOLUTION,100,"[""CURRENT_MULTI_MEMBER_IDENTITY_GROUP_REQUIRES_GROUP_RESOLUTION_FIRST""]",True,BEAUTY_CARE
